Feature ID	domain	phyla	class	order	family	genus	specie
62bcce88c7d71dd508b8d0d06e552baf	D_0__Eukaryota	D_1__Opisthokonta	D_2__Holozoa	D_3__Metazoa (Animalia)	D_8__Pteriomorphia	D_9__Mytiloida	Ambiguous_taxa
2943399098cbf8581ff041c99cb5ed4c	D_0__Eukaryota	D_1__SAR	D_2__Alveolata				
d480fc8155edbd56b554b70787c79ac9	D_0__Eukaryota	D_1__SAR	D_2__Alveolata	D_3__Dinoflagellata	D_6__Gymnodinium clade		
e97d0ec51858d8a7d23ac9065ce9918e	D_0__Eukaryota	D_1__Opisthokonta	D_2__Holozoa	D_3__Metazoa (Animalia)	D_9__Copelata	D_10__Oikopleuridae	D_11__Oikopleura sp.
47b587d606b5fc8b7fc0dced4068fd09	D_0__Eukaryota	D_1__SAR	D_2__Alveolata	D_3__Dinoflagellata	D_6__Kareniaceae	D_7__Karlodinium	D_8__uncultured marine alveolate
c65f4c374101d94469a116f7f5614ed3	D_0__Eukaryota	D_1__Cryptophyceae	D_2__Cryptomonadales	D_3__Teleaulax			
cd1884288d136d297d5b86d853843d03	D_0__Eukaryota	D_1__SAR	D_2__Alveolata	D_3__Dinoflagellata	D_4__Incertae Sedis	D_5__Haplozoon	Ambiguous_taxa
0f8f900333b4cb45c405aff8ab238b55	D_0__Eukaryota	D_1__Haptophyta	D_2__Prymnesiophyceae	D_3__Phaeocystis	Ambiguous_taxa	Ambiguous_taxa	Ambiguous_taxa
162d05a21abe66f5043f4951adcbda98	D_0__Eukaryota	D_1__Archaeplastida	D_2__Chloroplastida	D_3__Chlorophyta	D_5__Mamiellales	D_6__Ostreococcus	Ambiguous_taxa
5cc126e3ac06c91480d78bd2d3b815f8	D_0__Eukaryota	D_1__SAR	D_2__Alveolata	D_3__Dinoflagellata	D_5__Gymnodiniphycidae	D_6__Gyrodinium	
29cff3b8725539734a554d1898cf8285	D_0__Eukaryota	D_1__SAR	D_2__Stramenopiles	D_3__Ochrophyta	D_6__Mediophyceae	D_7__Minutocellus	D_8__Minutocellus polymorphus
08c2e26fa1baaab596ee32a303b3ad26	D_0__Eukaryota	D_1__Cryptophyceae	D_2__Cryptomonadales	D_3__Geminigera			
9ab2d0083672f1d4f58dbe628119dbc6	D_0__Eukaryota	D_1__SAR	D_2__Alveolata	D_3__Protalveolata	D_4__Syndiniales	D_5__Syndiniales Group I	D_6__Uncultured marine alveolate Group II DH145-EKD20
5ebd00c609732d9be3f99a30070e5862	D_0__Eukaryota	D_1__Picozoa	D_2__Picomonadida	Ambiguous_taxa	Ambiguous_taxa	Ambiguous_taxa	Ambiguous_taxa
a6eb0330a094b69b7f3d547b0bf13ef4	D_0__Eukaryota	D_1__SAR	D_2__Alveolata	D_3__Protalveolata	D_4__Syndiniales	D_5__Syndiniales Group I	
6bd7ffda69055e4c4384e59337e41638	D_0__Eukaryota	D_1__SAR	D_2__Alveolata	D_3__Protalveolata	D_4__Syndiniales	D_5__uncultured	D_6__uncultured marine alveolate
3fdae2112e47447a31273e0ec2b6a0c8	D_0__Eukaryota	D_1__Archaeplastida	D_2__Chloroplastida	D_3__Chlorophyta	D_5__Mamiellales		
de6be8b35d2346fe97a751d780513594	D_0__Eukaryota	D_1__Cryptophyceae	D_2__Cryptomonadales				
d175818192baa1e0a518392c578838ed	D_0__Eukaryota	D_1__Archaeplastida	D_2__Chloroplastida	D_3__Chlorophyta	D_5__Mamiellales	D_6__Bathycoccus	
e09add800794223087d45c2a037af818	D_0__Eukaryota	D_1__SAR	D_2__Alveolata	D_3__Dinoflagellata	D_5__Gymnodiniphycidae	D_6__Gyrodinium	Ambiguous_taxa
01839cf9eccb6211f76eae4750621f2c	D_0__Eukaryota	D_1__Haptophyta	D_2__Prymnesiophyceae	D_3__Prymnesiales	D_4__Chrysochromulina	Ambiguous_taxa	Ambiguous_taxa
c608b12240cb1437db5ecbdd0ae896a4	D_0__Eukaryota	D_1__Picozoa	D_2__Picomonadida	D_3__Picomonadidae	D_4__Picomonas	Ambiguous_taxa	Ambiguous_taxa
199f2e762b8ea053522c1482a77aa299	D_0__Eukaryota	D_1__SAR	D_2__Alveolata	D_3__Protalveolata	D_4__Syndiniales	D_5__Syndiniales Group I	D_6__uncultured Duboscquella
0fc72f0ce970d2c32f5e6b9aa86c502f	D_0__Eukaryota	D_1__Opisthokonta	D_2__Holozoa	D_3__Metazoa (Animalia)	D_8__Palpata	D_9__Sabellida	D_10__Gunnarea capensis
4a853a1104f314439df3a21d979be2a2	D_0__Eukaryota	D_1__SAR	D_2__Rhizaria	D_3__Cercozoa	D_6__Protaspidae	D_7__Cryothecomonas	D_8__uncultured eukaryote
fd28eea611ee1539525272a2077d567a	D_0__Eukaryota	D_1__SAR	D_2__Rhizaria	D_3__Cercozoa	D_4__Novel Clade 2	D_5__uncultured eukaryote	D_6__uncultured eukaryote
235816d7ba1cc156cfb2c100c458e66f	D_0__Eukaryota	D_1__Picozoa	D_2__Picomonadida				
b4ddec913880166d139d34e0dacdf48c	D_0__Eukaryota	D_1__SAR	D_2__Alveolata	D_3__Protalveolata	D_4__Syndiniales	D_5__Syndiniales Group I	D_6__uncultured eukaryote
75927c3ee29bb51dea4dd23b1e3372e4	D_0__Eukaryota	D_1__SAR	D_2__Alveolata	D_3__Protalveolata	D_4__Syndiniales	D_5__Amoebophrya	
9c7a5af2902a994d988c2bd756b26ecd	D_0__Eukaryota	D_1__SAR	D_2__Alveolata	D_3__Protalveolata	D_4__Syndiniales	D_5__Syndiniales Group III	
676cfbcd5012baa1486c93ef8d9212dc	D_0__Eukaryota	D_1__Haptophyta	D_2__Prymnesiophyceae	D_3__Prymnesiales			
de29f8451ad9f7a3528d2ebc28e7cacb	D_0__Eukaryota	D_1__Archaeplastida	D_2__Chloroplastida	D_3__Chlorophyta	D_5__Mamiellales	D_6__Micromonas	
2b7038e9cf737229e85659dc00a1f18e	D_0__Eukaryota	D_1__Cryptophyceae	D_2__Cryptomonadales	D_3__Teleaulax	Ambiguous_taxa	Ambiguous_taxa	Ambiguous_taxa
befed06d729000509282ca8e9c71e5c5	D_0__Eukaryota	D_1__Opisthokonta	D_2__Holozoa	D_3__Metazoa (Animalia)	D_9__Copepoda	D_10__Harpacticoida	D_11__Tachidius triangularis
ba69cde4aba6ef89c4cf97e0ec595b7c	D_0__Eukaryota	D_1__Cryptophyceae	D_2__Cryptomonadales	D_3__uncultured	D_4__uncultured phytoplankton	D_5__uncultured phytoplankton	D_6__uncultured phytoplankton
216b18a02149c71dc8aadec03384c1e7	D_0__Eukaryota	D_1__Opisthokonta	D_2__Holozoa	D_3__Metazoa (Animalia)	D_8__Palpata	D_9__Eunicida	Ambiguous_taxa
4f97da8b196ca1e59d181e498845fd35	D_0__Eukaryota	D_1__SAR	D_2__Alveolata	D_3__Dinoflagellata			
a10bcc9bca7a7636cebddbd69fbf4ee8	D_0__Eukaryota	D_1__SAR	D_2__Alveolata	D_3__Protalveolata	D_4__Syndiniales	D_5__Syndiniales Group II	D_6__marine metagenome
7c957ee5bf84e13c6759fbfc587c7659	D_0__Eukaryota	D_1__Archaeplastida	D_2__Chloroplastida	D_3__Chlorophyta	D_4__Prasinophytae	D_5__uncultured phytoplankton	D_6__uncultured phytoplankton
6abed629396ad2c2959c6ef260fb6e8d	D_0__Eukaryota	D_1__SAR	D_2__Rhizaria	D_3__Cercozoa	D_4__Novel Clade 2	D_5__Uncultured Cercozoa	D_6__Uncultured Cercozoa
5e0d293591eca5c5e2bb13f146a797e9	D_0__Eukaryota	D_1__SAR	D_2__Alveolata	D_3__Protalveolata	D_4__Syndiniales	D_5__Syndiniales Group I	D_6__uncultured eukaryote
b2e19eff09756c3511a5fa61c9a28577	D_0__Eukaryota	D_1__Picozoa	D_2__Picomonadida	D_3__Picomonadidae	D_4__Picomonas	Ambiguous_taxa	Ambiguous_taxa
c6e8f98eee580f7cec25de0854cb0d49	D_0__Eukaryota	D_1__SAR	D_2__Stramenopiles	D_3__Ochrophyta	D_6__Mediophyceae	D_7__Thalassiosira	
fd9e1c8aa6dcab38011100ad3dc95f1f	D_0__Eukaryota	D_1__SAR	D_2__Alveolata	D_3__Dinoflagellata	D_6__Peridiniales	D_7__Heterocapsa	
9b76994602ea8dd310ce355e102f079e	D_0__Eukaryota	D_1__SAR	D_2__Alveolata	D_3__Dinoflagellata	D_4__Dinophyceae	D_5__uncultured	D_6__uncultured dinoflagellate
166cb9c2c2b64923f8b22a6d7a760291	D_0__Eukaryota	D_1__Picozoa	D_2__Picomonadida				
fea4e025c5958e79db3e5e016ff80bd1	D_0__Eukaryota	D_1__SAR	D_2__Alveolata	D_3__Protalveolata	D_4__Syndiniales	D_5__Syndiniales Group II	
bf6f878f133bdd8d86683309ab9fd324	D_0__Eukaryota	D_1__SAR	D_2__Alveolata	D_3__Protalveolata	D_4__Syndiniales	D_5__Syndiniales Group II	
85afa093b4536805c1244a826bd73307	D_0__Eukaryota	D_1__SAR	D_2__Rhizaria	D_3__Cercozoa	D_4__Novel Clade 2	Ambiguous_taxa	Ambiguous_taxa
19843094ada5f6b343f33206bb7f1948	D_0__Eukaryota	D_1__Opisthokonta	D_2__Holozoa	D_3__Metazoa (Animalia)	D_8__Ascidiacea	D_9__Enterogona	D_10__Phallusia fumigata
153320fe7eb5c0455b7a68d5e6294455	D_0__Eukaryota	D_1__Incertae Sedis	D_2__Palpitomonas	D_3__uncultured eukaryote	D_4__uncultured eukaryote	D_5__uncultured eukaryote	D_6__uncultured eukaryote
6e99b02fc23e58d7f6eaa1edb83ba095	D_0__Eukaryota	D_1__SAR	D_2__Alveolata	D_3__Protalveolata	D_4__Syndiniales	D_5__Syndiniales Group II	D_6__uncultured syndiniales
0647f341e07370db8677d01e00674fc4	D_0__Eukaryota	D_1__SAR	D_2__Rhizaria	D_3__Cercozoa	D_5__Cryomonadida	D_6__Ventrifissuridae	Ambiguous_taxa
e1916197fc75acac07ed21b53722fde2	D_0__Eukaryota	D_1__SAR	D_2__Rhizaria	D_3__Cercozoa	D_4__Novel Clade 2	D_5__uncultured marine eukaryote	D_6__uncultured marine eukaryote
8aa452d0f60caf62d6b0b2e0726ea200	D_0__Eukaryota	D_1__Opisthokonta	D_2__Holozoa	D_3__Metazoa (Animalia)	D_8__Scolecida	D_9__Spionida	
bdca233df2d90a69d9b5ed5ab7f9dcd7	D_0__Eukaryota	D_1__SAR	D_2__Alveolata	D_3__Protalveolata	D_4__Syndiniales	D_5__Duboscquella	D_6__uncultured eukaryote
298b46c31fb54d4f6e1f254bb1287694	D_0__Eukaryota	D_1__Haptophyta	D_2__Prymnesiophyceae	D_3__Prymnesiales	D_4__Chrysochromulina	Ambiguous_taxa	Ambiguous_taxa
13f7b6cb68d732da9ec05d557b8a77da	D_0__Eukaryota	D_1__SAR	D_2__Alveolata	D_3__Dinoflagellata	D_6__Gonyaulacales	D_7__Grammatodinium	D_8__Grammatodinium tongyeonginum
a7ac707a5f468b5f20900807d6a5678d	D_0__Eukaryota	D_1__Opisthokonta	D_2__Holozoa	D_3__Metazoa (Animalia)	D_5__Demospongiae	D_6__Poecilosclerida	Ambiguous_taxa
2ed6043e7722b3f5763d3c6ed77c8ea5	D_0__Eukaryota	D_1__SAR	D_2__Rhizaria	D_3__Cercozoa	D_4__uncultured		
ece661a37bf805503558643d79806f85	D_0__Eukaryota	D_1__SAR	D_2__Rhizaria	D_3__Cercozoa	D_4__Novel Clade 2		
1c724732e6c3b7c00137a36f802e6470	D_0__Eukaryota	D_1__SAR	D_2__Rhizaria	D_3__Cercozoa	D_4__Imbricatea	D_5__Novel Clade 3	D_6__Uncultured Cercozoa
02c0d246ef2c3851f19b5d804e2056aa	D_0__Eukaryota	D_1__SAR	D_2__Alveolata	D_3__Protalveolata	D_4__Syndiniales	D_5__Syndiniales Group II	
3c5375ba9697831538351059caca159b	D_0__Eukaryota	D_1__SAR	D_2__Rhizaria	D_3__Cercozoa	D_6__Protaspidae	D_7__Cryothecomonas	
df6a00df014f7b7744b7763784cfd542	D_0__Eukaryota	D_1__Opisthokonta	D_2__Holozoa	D_3__Metazoa (Animalia)	D_8__Scolecida	D_9__Terebellida	
e5d3b14db50595fb6c1ff33164ae8678	D_0__Eukaryota	D_1__SAR	D_2__Alveolata	D_3__Dinoflagellata			
ed3e56f34a7a002709b4519957275f3a	D_0__Eukaryota	D_1__Opisthokonta	D_2__Holozoa	D_3__Metazoa (Animalia)	D_8__Ascidiacea	D_9__Stolidobranchia	
d52ff326b900dd75b281efb582f9d1d1	D_0__Eukaryota	D_1__SAR	D_2__Alveolata	D_3__Dinoflagellata	D_6__Gymnodinium clade	D_7__Paragymnodinium	D_8__uncultured eukaryote
2efda1041225c30e6689903cb2e1b32c	D_0__Eukaryota	D_1__Opisthokonta	D_2__Holozoa	D_3__Choanoflagellida	D_5__Stephanoecidae	D_6__Bicosta	D_7__Bicosta minor
d3d2cdd50762419183441f473c2aaa25	D_0__Eukaryota	D_1__Haptophyta	D_2__Prymnesiophyceae	D_3__Isochrysidales	Ambiguous_taxa	Ambiguous_taxa	Ambiguous_taxa
7565ccbb6d28a1145bd218483eb51f53	D_0__Eukaryota	D_1__Incertae Sedis	D_2__Telonema	D_3__uncultured eukaryote	D_4__uncultured eukaryote	D_5__uncultured eukaryote	D_6__uncultured eukaryote
c1b891f1e4f5c98ac75bef0431e6a874	D_0__Eukaryota	D_1__SAR	D_2__Alveolata	D_3__Protalveolata	D_4__Syndiniales	D_5__Syndiniales Group III	D_6__uncultured marine alveolate
dfeed7cb0a8f625c8bba8bd45381417d	D_0__Eukaryota	D_1__SAR	D_2__Alveolata	D_3__Protalveolata	D_4__Syndiniales	D_5__Syndiniales Group II	D_6__uncultured marine eukaryote
141cdf48b188a38e66ba1d0e0ec78aa6	D_0__Eukaryota	D_1__Opisthokonta	D_2__Holozoa	D_3__Metazoa (Animalia)	D_8__Ascidiacea	D_9__Stolidobranchia	
ac45cf78107a5c7ce5da3e54a243b3be	D_0__Eukaryota	D_1__SAR	D_2__Stramenopiles	D_3__Incertae Sedis	D_4__Pirsonia	D_5__uncultured stramenopile	D_6__uncultured stramenopile
ed452adc27ff0efb82f83175e3ed50a8	D_0__Eukaryota	D_1__Cryptophyceae	D_2__Cryptomonadales	D_3__uncultured eukaryote	D_4__uncultured eukaryote	D_5__uncultured eukaryote	D_6__uncultured eukaryote
2175c7e9039e1bc991a73726c37ab628	D_0__Eukaryota	D_1__Opisthokonta	D_2__Holozoa	D_3__Metazoa (Animalia)	D_8__Scolecida	D_9__Capitellida	
68e5a4a68e3b650094396cb4b787c2f3	D_0__Eukaryota	D_1__SAR	D_2__Alveolata	D_3__Protalveolata	D_4__Syndiniales	D_5__Amoebophrya	D_6__eukaryote clone OLI11115
37ee1acf4f8ca5ecd085a2e40832e269	D_0__Eukaryota	D_1__Opisthokonta	D_2__Holozoa	D_3__Metazoa (Animalia)	D_8__Ascidiacea	D_9__Enterogona	D_10__Phallusia nigra
d4f1f96ba868ebb142322026831bc0cf	D_0__Eukaryota	D_1__Opisthokonta	D_2__Holozoa	D_3__Metazoa (Animalia)	D_8__Ascidiacea	D_9__Enterogona	D_10__Phallusia mammillata
7064e15c868c6839aa2dd95ecc6c7e65	D_0__Eukaryota	D_1__SAR	D_2__Stramenopiles	D_3__MAST-6	D_4__eukaryote marine clone ME1-24	D_5__eukaryote marine clone ME1-24	D_6__eukaryote marine clone ME1-24
a75474454bbeabf6034126fd8066e1ed	D_0__Eukaryota	D_1__Opisthokonta	D_2__Holozoa	D_3__Metazoa (Animalia)	D_8__Sipuncula	D_9__Golfingiida	D_10__Phascolopsis gouldii
209a6244245cc6faa6c48f8000c147d3	D_0__Eukaryota	D_1__Haptophyta	D_2__Prymnesiophyceae	D_3__Prymnesiales	D_4__Chrysochromulina		
f8b68f436ac58031514ec354b2c14c0c	D_0__Eukaryota	D_1__Cryptophyceae	D_2__Cryptomonadales	D_3__Teleaulax	D_4__uncultured marine eukaryote	D_5__uncultured marine eukaryote	D_6__uncultured marine eukaryote
6087b34d815557bed7fcb6d2a94d60eb	D_0__Eukaryota	D_1__Opisthokonta	D_2__Holozoa	D_3__Metazoa (Animalia)	D_5__Demospongiae	D_6__Suberitida	Ambiguous_taxa
c51bbd6c9d3587bf369776ca56c27f62	D_0__Eukaryota	D_1__Opisthokonta	D_2__Holozoa	D_3__Choanoflagellida	D_5__Stephanoecidae	D_6__Calliacantha	D_7__Calliacantha natans
3088c4185b3e9d6fcd994d8de6881783	D_0__Eukaryota	D_1__SAR	D_2__Alveolata				
f2d09b36b0b61575fb9b21b7b0eaeb23	D_0__Eukaryota	D_1__Opisthokonta	D_2__Holozoa	D_3__Metazoa (Animalia)	D_8__Palpata	D_9__Sabellida	D_10__Sabellastarte sp. BMH R2891
c6e6cb411f5e8b6ff781545a8b0e7388	D_0__Eukaryota	D_1__SAR	D_2__Alveolata	D_3__Protalveolata	D_4__Syndiniales	D_5__Amoebophrya	
720817d79d2f96858e763c5799e917f1	D_0__Eukaryota	D_1__SAR	D_2__Rhizaria	D_3__Cercozoa	D_6__Protaspidae	D_7__Protaspis	D_8__Uncultured Cercozoa
1275a6bc9186f8a72b8a9c3fc7b912ec	D_0__Eukaryota	D_1__SAR	D_2__Rhizaria	D_3__Cercozoa	D_4__Novel Clade 2		
f3fb85a308777fdadfd3922316a72fa5	D_0__Eukaryota	D_1__Opisthokonta	D_2__Holozoa	D_3__Metazoa (Animalia)	D_5__Demospongiae	D_6__Poecilosclerida	D_7__Hymedesmia pansa
fc39d3e1a02695d4400f9083451a9df5	D_0__Eukaryota	D_1__SAR	D_2__Alveolata	D_3__Dinoflagellata			
d3b8cfda154bc9c147c7eebe32f35a58	D_0__Eukaryota	D_1__SAR	D_2__Alveolata	D_3__Dinoflagellata	D_6__Gonyaulacales	D_7__Azadinium	Ambiguous_taxa
a28956b91709b340419c05854a790294	D_0__Eukaryota	D_1__SAR	D_2__Alveolata	D_3__Dinoflagellata	D_6__Gymnodinium clade	D_7__Erythropsidinium	D_8__uncultured eukaryote
4761bb19b828fa8c146fc7f09eb10673	D_0__Eukaryota	D_1__Cryptophyceae	D_2__Cryptomonadales	D_3__Geminigera			
80b0cddc325a43e530c9bd8b65de20b8	D_0__Eukaryota	D_1__SAR	D_2__Stramenopiles	D_3__MAST-7	D_4__MAST-7B		
bee3210c54ce355ecd26434f8f28783a	D_0__Eukaryota	D_1__Cryptophyceae	D_2__Cryptomonadales	D_3__Geminigera	Ambiguous_taxa	Ambiguous_taxa	Ambiguous_taxa
034c58dff77d8c3fbf0c03828f906e3e	D_0__Eukaryota	D_1__SAR	D_2__Stramenopiles	D_3__Ochrophyta	D_6__Rhizosolenids	D_7__Guinardia	Ambiguous_taxa
c79a05ada45ba12891f696a2cc740d87	D_0__Eukaryota	D_1__SAR	D_2__Stramenopiles	D_3__Ochrophyta	D_6__Mediophyceae	D_7__Chaetoceros	D_8__Chaetoceros sp. RCC2565
ac8b863388234ae2b23d06354427e75b	D_0__Eukaryota	D_1__Picozoa	D_2__Picomonadida	D_3__uncultured eukaryote	D_4__uncultured eukaryote	D_5__uncultured eukaryote	D_6__uncultured eukaryote
c56b755f7c99b8ebbdbb970aefa1b61a	D_0__Eukaryota	D_1__SAR	D_2__Stramenopiles	D_3__Ochrophyta	D_6__Mediophyceae	D_7__Thalassiosira	
9b59b1d36f81cd3264f9e66342adfcc9	D_0__Eukaryota	D_1__SAR	D_2__Rhizaria	D_3__Cercozoa	D_5__Ebriacea	D_6__Ebria	
20cd2a66606eb17a95e0734801317be8	D_0__Eukaryota	D_1__Opisthokonta	D_2__Holozoa	D_3__Metazoa (Animalia)	D_8__Pteriomorphia	D_9__Mytiloida	D_10__Musculus lateralis (lateral mussel)
20b444d1ebdbea814f19d096012f5532	D_0__Eukaryota	D_1__Incertae Sedis	D_2__Telonema				
f6c8eac4eca05b7963ed385316d472a6	D_0__Eukaryota	D_1__SAR	D_2__Alveolata	D_3__Protalveolata	D_4__Syndiniales	D_5__Syndiniales Group II	Ambiguous_taxa
3c3fa4c7924302121ecf7ddcc6a7ad27	D_0__Eukaryota	D_1__SAR	D_2__Alveolata	D_3__Protalveolata	D_4__Syndiniales		
302b4c5e557321698982854eaa28be65	D_0__Eukaryota	D_1__Cryptophyceae	D_2__Cryptomonadales	Ambiguous_taxa	Ambiguous_taxa	Ambiguous_taxa	Ambiguous_taxa
16176de413ae684c3b92cc70a5311034	D_0__Eukaryota	D_1__Incertae Sedis	D_2__Telonema	D_3__uncultured marine eukaryote	D_4__uncultured marine eukaryote	D_5__uncultured marine eukaryote	D_6__uncultured marine eukaryote
ce1cbb4952918f222810d176e94b6df5	D_0__Eukaryota	D_1__SAR	D_2__Alveolata	D_3__Dinoflagellata	D_5__Gymnodiniphycidae	D_6__Gyrodinium	
41b50a56a90581f43e4694e816ae8cc7	D_0__Eukaryota	D_1__SAR	D_2__Alveolata	D_3__Protalveolata	D_4__Syndiniales	D_5__Amoebophrya	
237ec88faade315b7b465ac72eedd542	D_0__Eukaryota	D_1__Haptophyta	D_2__Prymnesiophyceae	D_3__uncultured			
b62fcdf9c4c1cac192929ab289755eda	D_0__Eukaryota	D_1__Picozoa	D_2__uncultured eukaryote	D_3__uncultured eukaryote	D_4__uncultured eukaryote	D_5__uncultured eukaryote	D_6__uncultured eukaryote
4be9099fbf335f4e4e6d7189bbd96aef	D_0__Eukaryota	D_1__Haptophyta	D_2__Prymnesiophyceae	D_3__Coccolithales	Ambiguous_taxa	Ambiguous_taxa	Ambiguous_taxa
5e0ed47f2c298c817431ae75f4db5a0c	D_0__Eukaryota	D_1__SAR	D_2__Rhizaria	D_3__Cercozoa	D_5__Cryomonadida	D_6__Ventrifissuridae	D_7__Uncultured Cercozoa
fc38d81aa91594e43710db98fa63a794	D_0__Eukaryota	D_1__SAR	D_2__Rhizaria	D_3__Cercozoa	D_4__Imbricatea	D_5__Novel Clade 3	D_6__Uncultured Cercozoa
a42073d1c1690624faa9f3aad4934622	D_0__Eukaryota	D_1__SAR	D_2__Alveolata	D_3__Ciliophora	D_6__Choreotrichia	D_7__Salpingella	D_8__uncultured Tintinnida
f6a048c08217c0fec1f7f07ba1f9dcf1	D_0__Eukaryota	D_1__SAR	D_2__Alveolata	D_3__Dinoflagellata			
31216f21884d5f0972748c52d016a5ef	D_0__Eukaryota	D_1__SAR	D_2__Alveolata	D_3__Ciliophora	D_6__Nassophorea	D_7__uncultured	D_8__uncultured ciliate
d8274ddc6981f68c3f3b81e63869a577	D_0__Eukaryota	D_1__Incertae Sedis	D_2__Telonema				
4efc3ef9204e4fbe9dd70086e9db3dfe	D_0__Eukaryota	D_1__SAR	D_2__Rhizaria	D_3__Cercozoa	D_4__Chlorarachniophyta	D_5__Minorisa	Ambiguous_taxa
59777391dd9794e15ed056c332c273e8	D_0__Eukaryota	D_1__SAR	D_2__Alveolata	D_3__Dinoflagellata	D_6__Gymnodinium clade	D_7__Chytriodinium	D_8__uncultured dinoflagellate
3aaae8eba1267fa94dcc708da2f428ab	D_0__Eukaryota	D_1__Archaeplastida	D_2__Chloroplastida	D_3__Chlorophyta	D_5__Mamiellales	D_6__Micromonas	Ambiguous_taxa
db325264046001fc04bbde3c3789219f	D_0__Eukaryota	D_1__SAR	D_2__Alveolata	D_3__Ciliophora	D_6__Choreotrichia	D_7__uncultured	D_8__uncultured eukaryote
3655339e7f6b4b827ebe234560315a6d	D_0__Eukaryota	D_1__SAR	D_2__Rhizaria	D_3__Cercozoa	D_4__Chlorarachniophyta	D_5__NOR26	D_6__uncultured marine eukaryote
951df9683182814a1126dad5b0baba9a	D_0__Eukaryota	D_1__SAR	D_2__Alveolata	D_3__Dinoflagellata			
544b1b23b30f22f08acf7d35ce44235f	D_0__Eukaryota	D_1__SAR	D_2__Stramenopiles	D_3__Ochrophyta	D_4__Bolidomonas	D_5__uncultured marine eukaryote	D_6__uncultured marine eukaryote
3a080d7d34c8d3194c072412ec0fabbf	D_0__Eukaryota	D_1__Opisthokonta	D_2__Holozoa	D_3__Metazoa (Animalia)	D_8__Ascidiacea	D_9__Stolidobranchia	Ambiguous_taxa
ed3457deae76568f8a87498f713ed499	D_0__Eukaryota	D_1__SAR	D_2__Stramenopiles	D_3__MAST-1	D_4__MAST-1B	D_5__uncultured stramenopile	D_6__uncultured stramenopile
e5f35300e2594837d53aa8c376d49c2c	D_0__Eukaryota	D_1__SAR	D_2__Alveolata	D_3__Protalveolata	D_4__Syndiniales	D_5__Syndiniales Group I	D_6__uncultured dinoflagellate
cf21774d66adaaae1ba610d046d3e493	D_0__Eukaryota	D_1__Opisthokonta	D_2__Holozoa	D_3__Choanoflagellida	D_5__Stephanoecidae	D_6__Bicosta	Ambiguous_taxa
c2c461576096cfc38022bb0e8a2fd27f	D_0__Eukaryota	D_1__SAR	D_2__Rhizaria	D_3__Cercozoa	D_4__Novel Clade 2	D_5__uncultured eukaryote	D_6__uncultured eukaryote
15570cd23eaf018a56ad78605e68a32a	D_0__Eukaryota	D_1__Opisthokonta	D_2__Holozoa	D_3__Metazoa (Animalia)	D_7__Polyplacophora	D_8__Neoloricata	Ambiguous_taxa
455ba0e6e45b6152731fac5aca2acc6b	D_0__Eukaryota	D_1__SAR	D_2__Alveolata	D_3__Protalveolata	D_4__Syndiniales	D_5__Amoebophrya	
34add41a490a669a180583099a6c9cd1	D_0__Eukaryota	D_1__SAR	D_2__Alveolata	D_3__Protalveolata	D_4__Syndiniales	D_5__Syndiniales Group I	D_6__Uncultured marine alveolate Group II DH145-EKD20
ce5cf054640faffd1204f8dad1ea720c	D_0__Eukaryota	D_1__Opisthokonta	D_2__Holozoa	D_3__Metazoa (Animalia)	D_8__Ascidiacea	D_9__Enterogona	D_10__Corella inflata
b6cef19ba2acf20ec4b25f313b88ba23	D_0__Eukaryota	D_1__SAR	D_2__Stramenopiles	D_3__MAST-4	D_4__MAST-4A	D_5__uncultured stramenopile	D_6__uncultured stramenopile
680c9d049d896fc6b14af106f3081975	D_0__Eukaryota	D_1__SAR	D_2__Alveolata	D_3__Ciliophora	D_6__Oligotrichia	D_7__uncultured	D_8__uncultured marine eukaryote
2a6a0f51d75b04a3537503971feaa455	D_0__Eukaryota	D_1__Cryptophyceae	D_2__Cryptomonadales	D_3__uncultured eukaryote	D_4__uncultured eukaryote	D_5__uncultured eukaryote	D_6__uncultured eukaryote
4a119c7003341ed3a8537f57cf8166c0	D_0__Eukaryota	D_1__SAR	D_2__Alveolata	D_3__Protalveolata	D_4__Syndiniales	D_5__uncultured	D_6__uncultured marine alveolate
3dea928297b4463cdf8539c055181bbc	D_0__Eukaryota	D_1__Haptophyta	D_2__Prymnesiophyceae	D_3__Prymnesiales	D_4__Prymnesium	Ambiguous_taxa	Ambiguous_taxa
fc8163d3b5a5e1024935210971fce647	D_0__Eukaryota	D_1__Archaeplastida	D_2__Chloroplastida	D_3__Chlorophyta	D_5__Mamiellales	D_6__Micromonas	Ambiguous_taxa
245f7f2d1714226e7180e1c915e07f87	D_0__Eukaryota	D_1__Picozoa	Ambiguous_taxa	Ambiguous_taxa	Ambiguous_taxa	Ambiguous_taxa	Ambiguous_taxa
fd82ae59139d458635853c1e3339d025	D_0__Eukaryota	D_1__SAR	D_2__Rhizaria	D_3__Cercozoa	D_4__Imbricatea	D_5__Novel Clade 3	D_6__Uncultured Cercozoa
fde76a9fe3b121413f0098cac9ef23bb	D_0__Eukaryota	D_1__SAR	D_2__Alveolata	D_3__Protalveolata	D_4__Syndiniales	D_5__Amoebophrya	D_6__uncultured eukaryote
ceb3bad482dbd9fd895a5d7cfe2c588b	D_0__Eukaryota	D_1__SAR	D_2__Stramenopiles	D_3__MAST-1	D_4__MAST-1C	Ambiguous_taxa	Ambiguous_taxa
4be3f32d3ddb9525bc090d6951306905	D_0__Eukaryota	D_1__SAR	D_2__Rhizaria	D_3__Cercozoa	D_6__Protaspidae	D_7__Cryothecomonas	
1ed2ea864a85188fd6ed6342f08bf72f	D_0__Eukaryota	D_1__SAR	D_2__Alveolata	D_3__Dinoflagellata	D_6__Incertae Sedis	D_7__Akashiwo	
8b61f15e70b60d940c37db5fe726d525	D_0__Eukaryota	D_1__SAR	D_2__Rhizaria	D_3__Cercozoa	D_4__Incertae Sedis	D_5__Gymnophrys	
d68fc789e19ba30ef2f482daec3e0021	D_0__Eukaryota	D_1__Opisthokonta	D_2__Holozoa	D_3__Choanoflagellida	D_5__Acanthoecidae	D_6__Pleurasiga	D_7__Pleurasiga reynoldsii
37ddffc6e5bc2668692cba47a6523567	D_0__Eukaryota	D_1__SAR	D_2__Stramenopiles	D_3__MAST-4	Ambiguous_taxa	Ambiguous_taxa	Ambiguous_taxa
dfd4435a8978d4e9ed2d8ba9724fbc97	D_0__Eukaryota	D_1__SAR	D_2__Alveolata	D_3__Dinoflagellata	D_6__Gymnodinium clade	D_7__Woloszynskia	D_8__uncultured eukaryote
329507a72f35a9d963b3fbc20ff7696a	D_0__Eukaryota	D_1__Cryptophyceae	D_2__Cryptomonadales				
e125ba00a9cb9619f921a3c10a4c0ee1	D_0__Eukaryota	D_1__SAR	D_2__Stramenopiles	D_3__Ochrophyta	D_5__Pelagomonadales	D_6__Aureococcus	D_7__Aureococcus anophagefferens
e8b645e5bd1a17eeb023c047bcacd7ac	D_0__Eukaryota	D_1__SAR	D_2__Alveolata	D_3__Dinoflagellata	D_6__Suessiaceae	Ambiguous_taxa	Ambiguous_taxa
2d4fbfd4169d144fe4d484bc3e97b35d	D_0__Eukaryota	D_1__SAR	D_2__Rhizaria	D_3__Cercozoa	D_6__Protaspidae	D_7__Protaspis	
7f5c97cf8b51fd6f7be4b5a1762ff396	D_0__Eukaryota	D_1__Incertae Sedis	D_2__Telonema				
84c616aaa57e2c05a41504e6782959a0	D_0__Eukaryota	D_1__Cryptophyceae	D_2__Cryptomonadales	D_3__uncultured eukaryote	D_4__uncultured eukaryote	D_5__uncultured eukaryote	D_6__uncultured eukaryote
fc81c6df1a8c7d7a6e6f224d72bae1c3	D_0__Eukaryota	D_1__SAR	D_2__Alveolata	D_3__Protalveolata	D_4__Syndiniales	D_5__Amoebophrya	D_6__uncultured syndiniales
3713f45d81cf8df6992f43cca249a705	D_0__Eukaryota	D_1__Incertae Sedis	D_2__Telonema				
dab7d62ecfd24482ab2a4af5aff4e0c1	D_0__Eukaryota	D_1__SAR	D_2__Rhizaria	D_3__Cercozoa			
b2a38aadc5830d5e58d3b511b297dfa7	D_0__Eukaryota	D_1__SAR	D_2__Rhizaria	D_3__Cercozoa	D_4__Novel Clade 2	D_5__Uncultured Cercozoa	D_6__Uncultured Cercozoa
0e46e1db94040a8e25dec58d29d07e35	D_0__Eukaryota	D_1__SAR	D_2__Alveolata	D_3__Protalveolata	D_4__Syndiniales	D_5__Amoebophrya	D_6__uncultured dinoflagellate
a7c9f2d40f2173fc75536d19e2f7ad02	D_0__Eukaryota	D_1__SAR	D_2__Stramenopiles	D_3__Ochrophyta	D_4__Bolidomonas	D_5__uncultured marine eukaryote	D_6__uncultured marine eukaryote
dafbe5cb29e6fa938b264e277b615ec3	D_0__Eukaryota	D_1__Haptophyta	D_2__Prymnesiophyceae	D_3__Prymnesiales	D_4__OLI51059	D_5__uncultured eukaryote	D_6__uncultured eukaryote
e6e1392b0f27482da7f2c180e357e6f4	D_0__Eukaryota	D_1__SAR	D_2__Rhizaria	D_3__Cercozoa	D_4__Novel Clade 2	D_5__uncultured Rhizaria	D_6__uncultured Rhizaria
4f50c0d0a9debee7647e07a5b844e9be	D_0__Eukaryota	D_1__SAR	D_2__Alveolata	D_3__Protalveolata	D_4__Syndiniales	D_5__Syndiniales Group II	
2275bce430604d3fe6e2eea174306059	D_0__Eukaryota	D_1__SAR	D_2__Stramenopiles	D_3__Ochrophyta	D_6__Mediophyceae	D_7__Thalassiosira	
1dd479ede6e9b3558d0116790ab595cb	D_0__Eukaryota	D_1__SAR	D_2__Alveolata	D_3__Protalveolata	D_4__Syndiniales	D_5__Syndiniales Group II	D_6__uncultured Amoebophrya
25b8f3099858667df9e9160d8871022e	D_0__Eukaryota	D_1__Haptophyta	D_2__Prymnesiophyceae	D_3__Prymnesiales	Ambiguous_taxa	Ambiguous_taxa	Ambiguous_taxa
05b904840470811f951644a1c4009c51	D_0__Eukaryota	D_1__SAR	D_2__Alveolata	D_3__Dinoflagellata	D_6__Kareniaceae	D_7__Karlodinium	
2b557dab958f6cacca8fe2a0e336630c	D_0__Eukaryota	D_1__SAR	D_2__Rhizaria	D_3__Cercozoa	D_7__Thaumatomonadidae	D_8__uncultured	D_9__Cercozoa sp. CC-2009b
ad9b71a19286449a313c87f507eabb66	D_0__Eukaryota	D_1__Cryptophyceae	D_2__Cryptomonadales	D_3__Rhodomonas	D_4__Cryptophyta sp. CR-MAL03	D_5__Cryptophyta sp. CR-MAL03	D_6__Cryptophyta sp. CR-MAL03
f4dc59bc7cc57e8a7b625129ff20c10b	D_0__Eukaryota	D_1__Incertae Sedis	D_2__Telonema	Ambiguous_taxa	Ambiguous_taxa	Ambiguous_taxa	Ambiguous_taxa
8d5146ec5b8a78d1bdc06375f001e921	D_0__Eukaryota	D_1__SAR	D_2__Stramenopiles	D_3__MAST-4	D_4__uncultured stramenopile	D_5__uncultured stramenopile	D_6__uncultured stramenopile
0433c707640b78bd699dd7633f5288ca	D_0__Eukaryota	D_1__SAR	D_2__Alveolata	D_3__Protalveolata	D_4__Syndiniales	D_5__Amoebophrya	D_6__uncultured alveolate
665c0ad46efe7e3a52d4004f1354b540	D_0__Eukaryota	D_1__SAR	D_2__Rhizaria	D_3__Cercozoa	D_4__Novel Clade 2	Ambiguous_taxa	Ambiguous_taxa
37a37d5a8980e8be163abbaaeb73b6ba	D_0__Eukaryota	D_1__Opisthokonta	D_2__Holozoa	D_3__Metazoa (Animalia)	D_5__Demospongiae	D_6__Suberitida	Ambiguous_taxa
e6b3a3ccde30d3713175150e75ae8189	D_0__Eukaryota	D_1__Opisthokonta	D_2__Holozoa	D_3__Metazoa (Animalia)	D_5__Demospongiae		
0853e69d37d7fa3e8e3ddde6a30c56ef	D_0__Eukaryota	D_1__SAR	D_2__Rhizaria	D_3__Cercozoa	D_4__Novel Clade 2	D_5__uncultured eukaryote	D_6__uncultured eukaryote
efe2b8808689fe4a6ba10f3c586398e8	D_0__Eukaryota	D_1__SAR	D_2__Rhizaria	D_3__Cercozoa	D_7__Peregriniidae	D_8__D2P04A09	
06f1a272e938cd2528247b4e569d63ac	D_0__Eukaryota	D_1__SAR	D_2__Alveolata	D_3__Dinoflagellata	D_6__Peridiniales	D_7__Amphidiniopsis	D_8__Dinophyceae sp. AS-2015
6fbb9d2fac8f910c2b14980b2e62ad84	D_0__Eukaryota	D_1__SAR	D_2__Alveolata	D_3__Dinoflagellata	D_6__Gonyaulacales	D_7__Neoceratium	Ambiguous_taxa
faf9dd30ed250fbbeb2ed713b2d6dd37	D_0__Eukaryota	D_1__Archaeplastida	D_2__Chloroplastida	D_3__Chlorophyta	D_5__Chlamydomonadales	D_6__Chlamydomonas	D_7__Chlamydomonas parkeae
479d9070fae99be505ce48c7c85b97ab	D_0__Eukaryota	D_1__SAR	D_2__Stramenopiles	D_3__MAST-1	D_4__MAST-1B	Ambiguous_taxa	Ambiguous_taxa
a3ac19cb1f03640bc7a7069467af764e	D_0__Eukaryota	D_1__SAR	D_2__Stramenopiles	D_3__Ochrophyta	D_5__Chattonellales	D_6__Heterosigma	D_7__Heterosigma akashiwo
cd5482fcdc10f9f3296d7402429e2dcb	D_0__Eukaryota	D_1__Incertae Sedis	D_2__Telonema				
25e7040238a17d07f62e1e8092ca7b1b	D_0__Eukaryota	D_1__SAR	D_2__Rhizaria	D_3__Cercozoa	D_4__Chlorarachniophyta	D_5__Minorisa	Ambiguous_taxa
93051e3bd4fb3c7b44d84bdca05e93d0	D_0__Eukaryota	D_1__Haptophyta	D_2__Prymnesiophyceae	D_3__Phaeocystis	Ambiguous_taxa	Ambiguous_taxa	Ambiguous_taxa
9011da527a2000874f6694f23f454cd2	D_0__Eukaryota	D_1__SAR	D_2__Stramenopiles	D_3__MAST-7	D_4__MAST-7A		
83ef0fc3c5877384a15d4f9888e594e7	D_0__Eukaryota	D_1__SAR	D_2__Alveolata	D_3__Dinoflagellata			
34d752ede48d798916a70b6a155f1e38	D_0__Eukaryota	D_1__Haptophyta	D_2__Prymnesiophyceae	D_3__Phaeocystis	D_4__uncultured haptophyte	D_5__uncultured haptophyte	D_6__uncultured haptophyte
3a94b933e93dd850706081a28166ccd1	D_0__Eukaryota	D_1__SAR	D_2__Stramenopiles	D_3__Ochrophyta	D_6__Bacillariophyceae	D_7__Meuniera	D_8__Meuniera membranacea
b8d50f9ed0b2ebfecb62b7bee2793b92	D_0__Eukaryota	D_1__SAR	D_2__Rhizaria	D_3__Cercozoa	D_4__Imbricatea	D_5__Novel Clade 3	D_6__Uncultured Cercozoa
b03f80db85af12276ce7cb8a47f16b93	D_0__Eukaryota	D_1__SAR	D_2__Stramenopiles	D_3__Labyrinthulomycetes	D_4__uncultured	D_5__uncultured marine eukaryote	D_6__uncultured marine eukaryote
febf97d86d5efcf2c6239280b075c7aa	D_0__Eukaryota	D_1__SAR	D_2__Stramenopiles	D_3__Labyrinthulomycetes	D_4__uncultured	D_5__uncultured eukaryote	D_6__uncultured eukaryote
5bdc5f3abbbeceae79dfa666ad0a254d	D_0__Eukaryota	D_1__SAR	D_2__Rhizaria	D_3__Cercozoa	D_4__Novel Clade 2	D_5__uncultured eukaryote	D_6__uncultured eukaryote
77f51650b64ede07a5c7dcf8a0247dcd	D_0__Eukaryota	D_1__Opisthokonta	D_2__Holozoa	D_3__Choanoflagellida	D_5__Acanthoecidae	D_6__Pleurasiga	D_7__uncultured eukaryote
a9a4be92f57dc43d3f11ec12aabca11f	D_0__Eukaryota	D_1__SAR	D_2__Rhizaria	D_3__Cercozoa	D_4__Novel Clade 2		
dbaa60ab13dcded96db8b1ddf427084e	D_0__Eukaryota	D_1__SAR	D_2__Alveolata	D_3__Protalveolata	D_4__Syndiniales	D_5__Syndiniales Group II	Ambiguous_taxa
a0c815160c87791cbf39a018a8ab98c3	D_0__Eukaryota	D_1__Incertae Sedis	D_2__Telonema				
5c4313c8625af79a85f61c4d77372a7a	D_0__Eukaryota	D_1__Opisthokonta	D_2__Holozoa	D_3__Metazoa (Animalia)	D_8__Scolecida	D_9__Opheliidae	Ambiguous_taxa
cb8dc3af32617eafc25c35355a6088a0	D_0__Eukaryota	D_1__SAR	D_2__Stramenopiles	D_3__Ochrophyta	D_5__Pelagomonadales	Ambiguous_taxa	Ambiguous_taxa
54e91c6e98410a71db43e1e2e850a735	D_0__Eukaryota	D_1__SAR	D_2__Stramenopiles	D_3__Ochrophyta	D_6__Mediophyceae	D_7__Chaetoceros	D_8__Chaetoceros sp. RCC2565
aae9ef5a3fecaefad14d2a088a59c049	D_0__Eukaryota	D_1__SAR	D_2__Alveolata	D_3__Protalveolata	D_4__Syndiniales	D_5__Syndiniales Group II	
f9d2c83de3d319bd820738ed3debc37a	D_0__Eukaryota	D_1__Archaeplastida	D_2__Chloroplastida	D_3__Chlorophyta	D_4__Trebouxiophyceae	D_5__uncultured Nannochloris	D_6__uncultured Nannochloris
6d4fa9d941fdf81294b88939fddfed10	D_0__Eukaryota	D_1__SAR	D_2__Alveolata	D_3__Dinoflagellata	D_6__Gonyaulacales	D_7__Neoceratium	Ambiguous_taxa
0aaaeb1afb4e66524702c183eb496e58	D_0__Eukaryota	D_1__SAR	D_2__Alveolata	D_3__Dinoflagellata	D_5__Gymnodiniphycidae	D_6__Gyrodinium	
089177a1939b74aebb06ae565f2e8bb9	D_0__Eukaryota	D_1__Opisthokonta	D_2__Holozoa	D_3__Choanoflagellida	D_5__Stephanoecidae	D_6__Marine Choanoflagellates 1	D_7__uncultured eukaryote
ed19d1ef2950389f33a6bc3f36884345	D_0__Eukaryota	D_1__SAR	D_2__Rhizaria	D_3__Cercozoa	D_6__Protaspidae	D_7__Cryothecomonas	Ambiguous_taxa
c89a398c664baab41a9bb879891ebcf9	D_0__Eukaryota	D_1__SAR	D_2__Rhizaria	D_3__Cercozoa	D_4__Novel Clade 2	D_5__uncultured eukaryote	D_6__uncultured eukaryote
e4ef38fee802b3d10c5ac439ba505b97	D_0__Eukaryota	D_1__Haptophyta	D_2__Prymnesiophyceae	D_3__Prymnesiales	D_4__OLI51059	D_5__uncultured eukaryote	D_6__uncultured eukaryote
3a041358c53ac9aca6dc9372e3a97531	D_0__Eukaryota	D_1__SAR	D_2__Rhizaria	D_3__Cercozoa	D_4__Novel Clade 2		
4fd1899cec06d20525aac0eaf830371f	D_0__Eukaryota	D_1__SAR	D_2__Alveolata	D_3__Dinoflagellata	D_5__Dinophysiales	D_6__Dinophysis	Ambiguous_taxa
644826a99aa876d306f44e8177901504	D_0__Eukaryota	D_1__SAR	D_2__Alveolata	D_3__Protalveolata	D_4__Syndiniales	D_5__Syndiniales Group II	D_6__marine metagenome
56580fa7f28cd134730caceb5feb6a4b	D_0__Eukaryota	D_1__SAR	D_2__Alveolata	D_3__Dinoflagellata	D_6__Thoracosphaeraceae	D_7__Oodinium	D_8__eukaryote clone OLI11027
9c93301a30c607e890aa3fdc8555af68	D_0__Eukaryota	D_1__Haptophyta	D_2__Prymnesiophyceae	D_3__Prymnesiales	D_4__Chrysochromulina	Ambiguous_taxa	Ambiguous_taxa
6ef4041d024c30d84b5125de673c3242	D_0__Eukaryota	D_1__Opisthokonta	D_2__Holozoa	D_3__Metazoa (Animalia)	D_5__Demospongiae	D_6__Haplosclerida	
e2f8d8beff1af056de72a8db119e2dc5	D_0__Eukaryota	D_1__SAR	D_2__Rhizaria	D_3__Cercozoa	D_4__Novel Clade 2	D_5__Uncultured Cercozoa	D_6__Uncultured Cercozoa
a396c38429c7a95a41f8b8fc1be3ca6e	D_0__Eukaryota	D_1__SAR	D_2__Stramenopiles	D_3__Ochrophyta	D_6__Mediophyceae	D_7__Brockmanniella	D_8__Brockmanniella brockmannii
45986d394f50845faf8617b2ea538039	D_0__Eukaryota	D_1__Incertae Sedis	D_2__Telonema	Ambiguous_taxa	Ambiguous_taxa	Ambiguous_taxa	Ambiguous_taxa
1c27bc95f9eab2761bcd59ca6515fe0e	D_0__Eukaryota	D_1__Cryptophyceae	D_2__Kathablepharidae	D_3__Leucocryptos	D_4__uncultured eukaryote	D_5__uncultured eukaryote	D_6__uncultured eukaryote
d01fc7fac99ed9ed6a59ae5253a6369f	D_0__Eukaryota	D_1__SAR	D_2__Alveolata	D_3__Protalveolata	D_4__Syndiniales	D_5__Amoebophrya	
f3b5ca27b012a45f11e75643e04b98c1	D_0__Eukaryota	D_1__SAR	D_2__Alveolata				
0d132e023128f1fd8a1cae104060ae57	D_0__Eukaryota	D_1__SAR	D_2__Alveolata	D_3__Protalveolata	D_4__Syndiniales	D_5__Amoebophrya	
d1d0ef3229316093cb7ce8e6ba78aff0	D_0__Eukaryota	D_1__SAR	D_2__Alveolata	D_3__Protalveolata	D_4__Syndiniales	D_5__Syndiniales Group I	
4f2f1f02b572098db831dc3d12dbb9e0	D_0__Eukaryota	D_1__SAR	D_2__Stramenopiles	D_3__Ochrophyta	D_6__Mediophyceae	D_7__Chaetoceros	D_8__Chaetoceros decipiens
786e1d0b134df670015f450e7911e846	D_0__Eukaryota	D_1__Haptophyta					
2fcd831a44dd3b09d0b22a96935b420e	D_0__Eukaryota	D_1__SAR	D_2__Alveolata	D_3__Protalveolata	D_4__Syndiniales	D_5__Amoebophrya	D_6__uncultured eukaryote
ebbf4a64fb9b40cb6ffb4bfca1160a1f	D_0__Eukaryota	D_1__Archaeplastida	D_2__Chloroplastida	D_3__Chlorophyta	D_4__Prasinophytae	D_5__Pycnococcus sp. MBIC10637	D_6__Pycnococcus sp. MBIC10637
11c9080e57ec8b3ba7198bcb3e20327a	D_0__Eukaryota	D_1__Centrohelida					
e3da73c9672703688cb1766e7cff62c1	D_0__Eukaryota	D_1__SAR	D_2__Rhizaria	D_3__Cercozoa	D_5__Ebriacea	D_6__Ebria	
68f747044f734245d8c3947bc723a503	D_0__Eukaryota	D_1__SAR	D_2__Stramenopiles	D_3__Ochrophyta	D_6__Mediophyceae	D_7__Thalassiosira	D_8__uncultured Skeletonema
77a0a7047232b61441d6c41dd90404c3	D_0__Eukaryota	D_1__SAR	D_2__Alveolata	D_3__Dinoflagellata	D_6__Gonyaulacales	D_7__Azadinium	Ambiguous_taxa
8f50fc33965b614abf2541788e3e6797	D_0__Eukaryota	D_1__SAR	D_2__Alveolata	D_3__Dinoflagellata			
85a28c15afd5e76868666fc73bd23843	D_0__Eukaryota	D_1__Haptophyta	D_2__Prymnesiophyceae	D_3__Prymnesiales			
2b3ddb2f7dd5e98c2bb52586b912d194	D_0__Eukaryota	D_1__SAR	D_2__Alveolata	D_3__Protalveolata	D_4__Syndiniales	D_5__Amoebophrya	Ambiguous_taxa
25ca021eb1ec15556d362146c2ab841d	D_0__Eukaryota	D_1__Opisthokonta	D_2__Holozoa	D_3__Metazoa (Animalia)	D_7__Gymnolaemata	D_8__Cheilostomatida	D_9__Membranipora membranacea
550d0f4fd07e18836016ad23472d16b1	D_0__Eukaryota	D_1__SAR	D_2__Alveolata	D_3__Dinoflagellata	D_5__Gymnodiniphycidae	D_6__Gyrodinium	
8053802fe1678f3340c89f396415f822	D_0__Eukaryota	D_1__Opisthokonta	D_2__Holozoa	D_3__Metazoa (Animalia)	D_9__Copepoda	D_10__Calanoida	
768bb84a25fc13e80b55fc5cbaa4760b	D_0__Eukaryota	D_1__SAR	D_2__Alveolata				
5efd7c6f2fec5757e586fb55d10a5fd2	D_0__Eukaryota	D_1__Opisthokonta	D_2__Holozoa	D_3__Metazoa (Animalia)	D_8__Heteroconchia	D_9__Veneroida	D_10__Meropesta nicobarica
fb26c49df2c5f1cbe7ff639c0d9ef0e6	D_0__Eukaryota	D_1__SAR	D_2__Alveolata	D_3__Dinoflagellata	D_6__Incertae Sedis	D_7__Cochlodinium	D_8__Cochlodinium fulvescens
1c07c77bbf26318846fc9fe2294f96be	D_0__Eukaryota	D_1__Opisthokonta	D_2__Holozoa	D_3__Metazoa (Animalia)	D_9__Copepoda	D_10__Cyclopoida	
e2f67dccdd7b6ac5c809c476a59d1253	D_0__Eukaryota	D_1__Opisthokonta	D_2__Holozoa	D_3__Metazoa (Animalia)	D_9__Copepoda	D_10__Cyclopoida	D_11__uncultured eukaryote
cbb08a5332d3dfad0bae2bf1e1c08787	D_0__Eukaryota	D_1__SAR	D_2__Alveolata	D_3__Protalveolata	D_4__Syndiniales	D_5__Syndiniales Group I	
29cc417500f35fd417d107a31359d331	D_0__Eukaryota	D_1__SAR	D_2__Alveolata	D_3__Ciliophora			
65edd99d0916f07d1affbff495bfd471	D_0__Eukaryota	D_1__Opisthokonta	D_2__Holozoa	D_3__Metazoa (Animalia)	D_8__Heteroconchia	D_9__Veneroida	
0b3e26d9e7fc0b49ef37d43b9ba5e36a	D_0__Eukaryota	D_1__SAR	D_2__Alveolata	D_3__Protalveolata	D_4__Syndiniales	D_5__Syndiniales Group I	D_6__uncultured marine picoeukaryote
d81f6a7c7dab754a81758c558b75bb57	D_0__Eukaryota	D_1__SAR	D_2__Rhizaria	D_3__Retaria	D_4__Acantharia	D_5__Arthracanthida	
68743fcb998fca5b127dcae8275b1344	D_0__Eukaryota	D_1__Opisthokonta	D_2__Holozoa	D_3__Metazoa (Animalia)	D_9__Copelata	D_10__Oikopleuridae	D_11__Oikopleura sp.
3c4f6fe1d0f3043bf7696a389a9f9362	D_0__Eukaryota	D_1__SAR	D_2__Alveolata				
4ce67481ddfba480dead2c13972c8168	D_0__Eukaryota	D_1__SAR	D_2__Stramenopiles	D_3__Ochrophyta	D_6__Mediophyceae	D_7__Thalassiosira	Ambiguous_taxa
f6ce0063442ff703225028e6f20f1c5f	D_0__Eukaryota	D_1__Opisthokonta	D_2__Holozoa	D_3__Metazoa (Animalia)	D_9__Copepoda	D_10__Calanoida	
126a49da319be587ae8d04aa6930714e	D_0__Eukaryota	D_1__Haptophyta	D_2__Prymnesiophyceae	D_3__Prymnesiales	D_4__OLI16029	D_5__uncultured eukaryote	D_6__uncultured eukaryote
646f7f9dbf64897c20c3fa9466af9cee	D_0__Eukaryota	D_1__Archaeplastida	D_2__Chloroplastida	D_3__Chlorophyta	D_5__Chlamydomonadales	D_6__Chlamydomonas	D_7__Chlamydomonas parkeae
7943847092d705e561f13f8d50b9707b	D_0__Eukaryota	D_1__Haptophyta	D_2__Prymnesiophyceae	D_3__Prymnesiales	D_4__Prymnesium	Ambiguous_taxa	Ambiguous_taxa
641ecdcbddd4b23f5e2526144f5492bd	D_0__Eukaryota	D_1__Opisthokonta	D_2__Holozoa	D_3__Metazoa (Animalia)	D_9__Copepoda	D_10__Cyclopoida	D_11__Oithona davisae
3e6f824b5589634ce126f9199b3d0f4f	D_0__Eukaryota	D_1__SAR	D_2__Alveolata	D_3__Protalveolata	D_4__Syndiniales	D_5__Syndiniales Group I	D_6__uncultured marine eukaryote
6f06f4cfa4e98f42339bad6d4d3fd059	D_0__Eukaryota	D_1__Archaeplastida	D_2__Rhodophyceae	D_3__Florideophycidae	D_4__Rhodymeniophycidae	Ambiguous_taxa	Ambiguous_taxa
e9ef8ed47649c4122b687a249f752e27	D_0__Eukaryota	D_1__SAR	D_2__Alveolata	D_3__Dinoflagellata	D_6__Gonyaulacales	D_7__Neoceratium	Ambiguous_taxa
7dad3e12e9ab31eaf110b48b538c8239	D_0__Eukaryota	D_1__Haptophyta	D_2__Prymnesiophyceae	D_3__Prymnesiales	D_4__uncultured	Ambiguous_taxa	Ambiguous_taxa
01ded3c810879b09e90c99ad6846919a	D_0__Eukaryota	D_1__SAR	D_2__Rhizaria	D_3__Cercozoa	D_4__Chlorarachniophyta	D_5__NOR26	Ambiguous_taxa
1235acae35b8347211dfdce2785838bc	D_0__Eukaryota	D_1__Haptophyta	D_2__Prymnesiophyceae	D_3__Phaeocystis	Ambiguous_taxa	Ambiguous_taxa	Ambiguous_taxa
969c8513e59db385e9732a4967e6ef67	D_0__Eukaryota	D_1__Archaeplastida	D_2__Chloroplastida	D_3__Chlorophyta	D_5__Chlorodendrales	D_6__Tetraselmis	Ambiguous_taxa
ed3154e2740bc34522cc3b254a2a3764	D_0__Eukaryota	D_1__SAR	D_2__Alveolata	D_3__Ciliophora	D_6__Oligotrichia	D_7__Strombidium	
04dc8594603f573906cc3dba9eb9d61c	D_0__Eukaryota	D_1__SAR	D_2__Alveolata	D_3__Dinoflagellata	D_6__Suessiaceae	D_7__Biecheleria	D_8__uncultured alveolate
1191ed4ea552a39657b1104254f43a82	D_0__Eukaryota	D_1__SAR	D_2__Alveolata	D_3__Protalveolata	D_4__Syndiniales	D_5__Syndiniales Group II	
73e6a6845784af5c246ad462d81fd16d	D_0__Eukaryota	D_1__SAR	D_2__Alveolata	D_3__Protalveolata	D_4__Syndiniales	D_5__Syndiniales Group I	
841f292d8f057b632b1320b51d3f2793	D_0__Eukaryota	D_1__SAR	D_2__Stramenopiles	D_3__Ochrophyta	D_6__Mediophyceae	D_7__Skeletonema	D_8__Skeletonema menzellii
6e4a5943b219ac5222a52fc6eb117d9c	D_0__Eukaryota	D_1__SAR	D_2__Alveolata	D_3__Protalveolata	D_4__Syndiniales	D_5__Syndiniales Group I	D_6__uncultured eukaryote
e7edf5ff6c8834b3a929e52b4f097206	D_0__Eukaryota	D_1__SAR	D_2__Alveolata	D_3__Dinoflagellata	D_4__Incertae Sedis	D_5__Haplozoon	D_6__uncultured Scrippsiella
46d8dfe33e412c0a1da9a691a67d6c51	D_0__Eukaryota	D_1__SAR	D_2__Rhizaria	D_3__Cercozoa	D_4__Novel Clade 2	D_5__uncultured Rhizaria	D_6__uncultured Rhizaria
a9a407e453caf09bda20238a93933ab5	D_0__Eukaryota	D_1__SAR	D_2__Alveolata	D_3__Protalveolata	D_4__Syndiniales	D_5__Syndiniales Group II	
8c739cc563f2a6f482849684e0410acc	D_0__Eukaryota	D_1__SAR	D_2__Alveolata	D_3__Dinoflagellata	D_5__Gymnodiniphycidae	D_6__Gyrodinium	
28f68aa03fa869af5d7077ec53aa3f26	D_0__Eukaryota	D_1__SAR	D_2__Alveolata	D_3__Ciliophora	D_6__Choreotrichia	D_7__Tintinnopsis	Ambiguous_taxa
f947a041417b7f78b011df8a087ea547	D_0__Eukaryota	D_1__SAR	D_2__Rhizaria	D_3__Cercozoa	D_6__Protaspidae	D_7__Protaspis	D_8__Uncultured Cercozoa
a7f05407925bfaa8707df5b1b1f9bf70	D_0__Eukaryota	D_1__SAR	D_2__Alveolata	D_3__Ciliophora	D_6__Choreotrichia	D_7__Pelagostrobilidium	
2ca7b9f26603fb1e46d3ef45ee0419c1	D_0__Eukaryota	D_1__Haptophyta	D_2__Prymnesiophyceae	D_3__Prymnesiales	D_4__Imantonia	Ambiguous_taxa	Ambiguous_taxa
856a10d1cca0d8591640b0d1d6361c0d	D_0__Eukaryota	D_1__SAR	D_2__Stramenopiles	D_3__Ochrophyta	D_6__Bacillariophyceae		
b1e243f507f8ae6aa0a56b3831d0be6b	D_0__Eukaryota	D_1__SAR	D_2__Alveolata	D_3__Protalveolata	D_4__Syndiniales	D_5__Duboscquella	
eaed73fddb334e3d3070195348bdfb14	D_0__Eukaryota	D_1__SAR	D_2__Alveolata	D_3__Ciliophora	D_6__Choreotrichia	D_7__Steenstrupiella	Ambiguous_taxa
1d09b3d3a03a3c87497c47375f0cb612	D_0__Eukaryota	D_1__Archaeplastida	D_2__Chloroplastida	D_3__Chlorophyta	D_4__Clade VII	D_5__Subclade B	D_6__uncultured eukaryote
861d74702ced3b004c704bdc3a1143ae	D_0__Eukaryota	D_1__Haptophyta	D_2__Prymnesiophyceae	D_3__Prymnesiales	D_4__Chrysochromulina	Ambiguous_taxa	Ambiguous_taxa
f9ce7549c6296b150fff1e9c3758b5fd	D_0__Eukaryota	D_1__Opisthokonta	D_2__Holozoa	D_3__Metazoa (Animalia)	D_7__Gymnolaemata	D_8__Ctenostomatida	D_9__Alcyonidium gelatinosum
f50d592f096a11f0cbee006dd0093bcf	D_0__Eukaryota	D_1__SAR	D_2__Rhizaria	D_3__Cercozoa	D_4__Chlorarachniophyta	D_5__NOR26	Ambiguous_taxa
dfc409a785f6ec1cb2ebcb39b6e6d3e4	D_0__Eukaryota	D_1__SAR	D_2__Alveolata	D_3__Ciliophora	D_6__Oligotrichia	D_7__Pseudotontonia	D_8__uncultured eukaryote
e79cb5b0f526f8beb57e284e8bd0dea3	D_0__Eukaryota	D_1__Archaeplastida	D_2__Chloroplastida	D_3__Chlorophyta			
fd95b81703a6fd32b63fe22c9be3bbe9	D_0__Eukaryota	D_1__SAR	D_2__Alveolata	D_3__Ciliophora	D_6__Choreotrichia	D_7__Steenstrupiella	
93bbba315be402fa3f88f0fb4683e771	D_0__Eukaryota	D_1__Opisthokonta	D_2__Holozoa	D_3__Metazoa (Animalia)	D_9__Copelata	D_10__Oikopleuridae	Ambiguous_taxa
5b7f865c76bee2ed16e0c8e516541a86	D_0__Eukaryota	D_1__Haptophyta	D_2__Prymnesiophyceae	D_3__Prymnesiales	D_4__OLI51059	D_5__uncultured eukaryote	D_6__uncultured eukaryote
943bebeff4d935b9a4c218e5d2013dbb	D_0__Eukaryota	D_1__SAR	D_2__Alveolata	D_3__Dinoflagellata			
6bd0b522422388513013278f32a426da	D_0__Eukaryota	D_1__SAR	D_2__Alveolata	D_3__Dinoflagellata	D_6__Gonyaulacales	D_7__Gonyaulax	D_8__Gonyaulax spinifera
4f494c082874af69ae0b669a647d95c6	D_0__Eukaryota	D_1__SAR	D_2__Alveolata	D_3__Protalveolata	D_4__Syndiniales	D_5__Syndiniales Group I	D_6__uncultured marine picoeukaryote
32e5ddcb38fab7611f64b6cf556945e5	D_0__Eukaryota	D_1__Haptophyta	D_2__Prymnesiophyceae	D_3__Prymnesiales			
534e8a6029bb85d3fc3846fce2358209	D_0__Eukaryota	D_1__Archaeplastida	D_2__Chloroplastida	D_3__Chlorophyta	D_5__Chlorodendrales	D_6__Tetraselmis	Ambiguous_taxa
21041ca05575c25dea5036ee43e6f84f	D_0__Eukaryota	D_1__SAR	D_2__Alveolata	D_3__Dinoflagellata	D_6__Gonyaulacales	D_7__Neoceratium	
bb4257fb8dfe0f3e3f3cbce9c7421d66	D_0__Eukaryota	D_1__Cryptophyceae	D_2__Cryptomonadales	D_3__Geminigera	D_4__Geminigera cryophila	D_5__Geminigera cryophila	D_6__Geminigera cryophila
831ce8a920be74ce8932c3bf989fcdd4	D_0__Eukaryota	D_1__Opisthokonta	D_2__Holozoa	D_3__Metazoa (Animalia)	D_9__Copepoda	D_10__Cyclopoida	D_11__uncultured marine eukaryote
3fa71bc783aa502465ed0fa53b5293d6	D_0__Eukaryota	D_1__SAR	D_2__Alveolata	D_3__Ciliophora	D_6__Oligotrichia	D_7__uncultured	
af41ef546fcc954ea4cb461b88f1acdc	D_0__Eukaryota	D_1__SAR	D_2__Rhizaria	D_3__Cercozoa	D_5__Ebriacea	D_6__Ebria	
312413f15cfb717e6da87c3ce59a9bae	D_0__Eukaryota	D_1__Opisthokonta	D_2__Holozoa	D_3__Metazoa (Animalia)	D_7__Gymnolaemata	D_8__Ctenostomatida	D_9__Alcyonidium gelatinosum
fd1901d6739f12de91c9116f1b7b6999	D_0__Eukaryota	D_1__SAR	D_2__Alveolata	D_3__Protalveolata	D_4__Syndiniales	D_5__Amoebophrya	Ambiguous_taxa
dc3429081e13cff6ffe295bcaf88d348	D_0__Eukaryota	D_1__Opisthokonta	D_2__Holozoa	D_3__Metazoa (Animalia)	D_8__Scolecida	D_9__Capitellida	
74376e59b60496f6b2a7ff0271980db3	D_0__Eukaryota	D_1__SAR	D_2__Alveolata	D_3__Protalveolata	D_4__Syndiniales	D_5__Amoebophrya	Ambiguous_taxa
b910ad14b9c9dbf113754503e2697bb1	D_0__Eukaryota	D_1__SAR	D_2__Alveolata	D_3__Protalveolata	D_4__Syndiniales	D_5__Amoebophrya	
cc188f6eee23fe45ba358b124f505aee	D_0__Eukaryota	D_1__Opisthokonta	D_2__Holozoa	D_3__Metazoa (Animalia)	D_9__Copepoda	D_10__Calanoida	Ambiguous_taxa
371e63da1efea9ca27cdf326e87116de	D_0__Eukaryota	D_1__Opisthokonta	D_2__Holozoa	D_3__Metazoa (Animalia)	D_6__Tentaculata	D_7__Cydippida	Ambiguous_taxa
8f4b1a0d328efb3c48b679431721a448	D_0__Eukaryota	D_1__SAR	D_2__Alveolata	D_3__Dinoflagellata			
4df8ba2c27bad7205196634fe3432dcf	D_0__Eukaryota	D_1__SAR	D_2__Stramenopiles	D_3__Ochrophyta	D_6__Mediophyceae	D_7__Thalassiosira	
aa22e3565876e1da34070f9e08a3621b	D_0__Eukaryota	D_1__SAR	D_2__Alveolata	D_3__Protalveolata	D_4__Syndiniales	D_5__Syndiniales Group I	
244d5be31123b7673f4583c5bd5812f2	D_0__Eukaryota	D_1__SAR	D_2__Alveolata				
9dae0b9602c13a20d75af46d22eee4c0	D_0__Eukaryota	D_1__SAR	D_2__Alveolata	D_3__Protalveolata	D_4__Syndiniales	D_5__Amoebophrya	Ambiguous_taxa
bdf60ced9f89a8f97d33dae96fc5d89c	D_0__Eukaryota	D_1__SAR	D_2__Stramenopiles	D_3__MAST-1	D_4__MAST-1A		
12febf120212d0e9ac393b4401b83919	D_0__Eukaryota	D_1__SAR	D_2__Rhizaria	D_3__Cercozoa	D_4__Thecofilosea	D_5__uncultured	
233ffbb60d0b1e266ff85d93bfac9e2e	D_0__Eukaryota	D_1__SAR	D_2__Alveolata	D_3__Protalveolata	D_4__Syndiniales	D_5__Syndiniales Group II	Ambiguous_taxa
38af324332aa783af0bbf3ad2e759c5d	D_0__Eukaryota	D_1__Opisthokonta	D_2__Holozoa	D_3__Metazoa (Animalia)	D_6__Tentaculata	D_7__Cydippida	Ambiguous_taxa
d4af395689a0b34449cfb7610e95d4ce	D_0__Eukaryota	D_1__SAR	D_2__Rhizaria	D_3__Cercozoa	D_6__Protaspidae	D_7__Cryothecomonas	Ambiguous_taxa
c8d5ba79eed5dc63e65d2bbc80d7d92a	D_0__Eukaryota	D_1__Cryptophyceae	D_2__Kathablepharidae	D_3__Leucocryptos	Ambiguous_taxa	Ambiguous_taxa	Ambiguous_taxa
126237231d33f5ac824ca7faf3c47e1c	D_0__Eukaryota	D_1__Haptophyta	D_2__Prymnesiophyceae	D_3__Prymnesiales			
d854f03c93e12e3f9223104b2b7bca90	D_0__Eukaryota	D_1__Cryptophyceae	D_2__Cryptomonadales	Ambiguous_taxa	Ambiguous_taxa	Ambiguous_taxa	Ambiguous_taxa
af17afd2dc440213b0406d35f0745cd1	D_0__Eukaryota	D_1__SAR	D_2__Alveolata	D_3__Ciliophora	D_6__Choreotrichia	D_7__Stenosemella	D_8__Stenosemella pacifica
d4e62b89fe6e315a9c274c71f82bec59	D_0__Eukaryota	D_1__SAR	D_2__Alveolata	D_3__Protalveolata	D_4__Syndiniales	D_5__Syndiniales Group I	D_6__Uncultured marine alveolate Group II DH145-EKD20
68c93013363293433fe4860cb4b882c9	D_0__Eukaryota	D_1__Opisthokonta	D_2__Nucletmycea	D_3__Fungi			
ff309fdc08eed596c5c9f8ff578b17d0	D_0__Eukaryota	D_1__SAR	D_2__Alveolata	D_3__uncultured	D_4__uncultured eukaryote	D_5__uncultured eukaryote	D_6__uncultured eukaryote
c5f9676b6769d400292b8b3488f8fb1c	D_0__Eukaryota	D_1__SAR	D_2__Rhizaria	D_3__Cercozoa	D_4__Novel Clade 2	D_5__Uncultured Cercozoa	D_6__Uncultured Cercozoa
b6a468f9b9099c769fbde48083277a89	D_0__Eukaryota	D_1__Haptophyta	D_2__Prymnesiophyceae	D_3__Prymnesiales	D_4__Chrysochromulina		
f1706d6cada2e7c2780bf99b0f4df33a	D_0__Eukaryota	D_1__SAR	D_2__Alveolata	D_3__Ciliophora	D_6__Oligotrichia	D_7__uncultured	D_8__seawater metagenome
3a14c033785a6b65694114933121ff0c	D_0__Eukaryota	D_1__Opisthokonta	D_2__Nucletmycea	D_3__Fungi	D_9__Aspergillaceae		
73aaea377348190627755b9b1253f714	D_0__Eukaryota	D_1__Haptophyta	D_2__Pav3	D_3__uncultured haptophyte	D_4__uncultured haptophyte	D_5__uncultured haptophyte	D_6__uncultured haptophyte
e3a5eb372991c4ddfba6601732af7520	D_0__Eukaryota	D_1__SAR	D_2__Stramenopiles	D_3__MAST-2	Ambiguous_taxa	Ambiguous_taxa	Ambiguous_taxa
50d0837837952c5f374738b6053b64f4	D_0__Eukaryota	D_1__Amoebozoa	D_2__Protosporangiida	D_3__Protosporangiidae	D_4__Protosporangium	D_5__uncultured marine eukaryote	D_6__uncultured marine eukaryote
535c305d6f3a9485d451f7f8ab64cb3c	D_0__Eukaryota	D_1__SAR	D_2__Alveolata	D_3__Protalveolata	D_4__Syndiniales	D_5__Amoebophrya	Ambiguous_taxa
9c41094bab61e11fdf6bebabd70bdba8	D_0__Eukaryota	D_1__SAR	D_2__Rhizaria	D_3__Cercozoa	D_4__Thecofilosea	D_5__uncultured	D_6__uncultured Rhizaria
00572bef597761c3bca1c4d6ae19ccc9	D_0__Eukaryota	D_1__SAR	D_2__Alveolata	D_3__Protalveolata	D_4__Syndiniales	D_5__Amoebophrya	D_6__uncultured marine eukaryote
8876c2d0b3e23d480ee78b4b4d5b5e82	D_0__Eukaryota	D_1__Incertae Sedis	D_2__Telonema	D_3__uncultured eukaryote	D_4__uncultured eukaryote	D_5__uncultured eukaryote	D_6__uncultured eukaryote
b5200df0aa2f8ad7cab3e939c437b94a	D_0__Eukaryota	D_1__SAR	D_2__Rhizaria	D_3__Cercozoa	D_4__Novel Clade 2	D_5__Uncultured Cercozoa	D_6__Uncultured Cercozoa
3c8e4031d9fa3d507adcd5ee37f0cc1d	D_0__Eukaryota	D_1__SAR	D_2__Alveolata	D_3__Protalveolata	D_4__Syndiniales	D_5__Syndiniales Group I	D_6__uncultured marine picoeukaryote
a671a9ba484cc3121c0f907c27c618f3	D_0__Eukaryota	D_1__Opisthokonta	D_2__Holozoa	D_3__Choanoflagellida	D_4__Clade L	D_5__uncultured freshwater eukaryote	D_6__uncultured freshwater eukaryote
bfd0b00a6c11ab5812781249be344718	D_0__Eukaryota	D_1__SAR	D_2__Stramenopiles	D_3__MAST-1	D_4__MAST-1C	Ambiguous_taxa	Ambiguous_taxa
5fbbc7d38cd83a36826ea753581dba45	D_0__Eukaryota	D_1__SAR	D_2__Alveolata	D_3__Ciliophora	D_6__Oligotrichia		
dbe51675fb20e835b557b350f96e26ab	D_0__Eukaryota	D_1__SAR	D_2__Stramenopiles	D_3__Ochrophyta	D_6__Bacillariophyceae	D_7__Cylindrotheca	D_8__Cylindrotheca closterium
1e91930c89bee0e9f5f35567890680f4	D_0__Eukaryota	D_1__Opisthokonta	D_2__Holozoa	D_3__Metazoa (Animalia)	D_9__Copepoda	D_10__Calanoida	D_11__Acartia hudsonica
8e95938d9076cdb84d8ff47567cb2f9e	D_0__Eukaryota	D_1__SAR	D_2__Alveolata	D_3__Protalveolata	D_4__Syndiniales	D_5__Syndiniales Group III	D_6__uncultured eukaryote
cd9dabcaa776b5ad94d1b28f61e7d063	D_0__Eukaryota	D_1__Picozoa	Ambiguous_taxa	Ambiguous_taxa	Ambiguous_taxa	Ambiguous_taxa	Ambiguous_taxa
b06c38316b267d6be95875b3515fceaf	D_0__Eukaryota	D_1__SAR	D_2__Alveolata	D_3__Dinoflagellata	D_6__Kareniaceae	D_7__Karlodinium	D_8__uncultured marine picoplankton
704740d4218e31fad0cab1d265c0776e	D_0__Eukaryota	D_1__SAR	D_2__Alveolata	D_3__Protalveolata	D_4__Syndiniales	D_5__Syndiniales Group I	
d08dffd17f5724fa4906a5d5af96dcf0	D_0__Eukaryota	D_1__SAR	D_2__Alveolata	D_3__Protalveolata	D_4__Syndiniales	D_5__Syndiniales Group I	
5c357d717da15f50c7d1de82cd6e9c62	D_0__Eukaryota	D_1__Picozoa	D_2__Picomonadida				
dd92811a5c22cfa3c1bafe32ad382e57	D_0__Eukaryota	D_1__SAR	D_2__Alveolata	D_3__Dinoflagellata	D_6__Kareniaceae	D_7__Karlodinium	
0e42913fd6180ad52fd1ecf7519de853	D_0__Eukaryota	D_1__Opisthokonta	D_2__Nucletmycea	D_3__Fungi	D_9__Hypocreaceae	D_10__Trichoderma	Ambiguous_taxa
a671305b4378872c16c2359c6e850766	D_0__Eukaryota	D_1__SAR	D_2__Alveolata	D_3__Protalveolata	D_4__Syndiniales	D_5__Amoebophrya	Ambiguous_taxa
5b2da39d2cc0bde7f66d63615ead9140	D_0__Eukaryota	D_1__SAR	D_2__Alveolata	D_3__Dinoflagellata	D_5__Gymnodiniphycidae	D_6__Gyrodinium	
5c499111ce238781c78fe6cae23f6d0c	D_0__Eukaryota	D_1__Opisthokonta	D_2__Holozoa	D_3__Choanoflagellida	D_5__Codosigidae	D_6__Lagenoeca	D_7__Lagenoeca sp. antarctica
40c68d8390000b6fd81e7dca096c9656	D_0__Eukaryota	D_1__SAR	D_2__Rhizaria	D_3__Cercozoa	D_4__Thecofilosea	D_5__uncultured	D_6__uncultured Rhizaria
7a0ec542afa453eac97df66b28732635	D_0__Eukaryota	D_1__Incertae Sedis	D_2__Palpitomonas	D_3__uncultured eukaryote	D_4__uncultured eukaryote	D_5__uncultured eukaryote	D_6__uncultured eukaryote
42155afa9a685c6100e2555b9b94a572	D_0__Eukaryota	D_1__Haptophyta	D_2__Prymnesiophyceae	D_3__Prymnesiales			
e3806e6ae5273cd04f86784938b78555	D_0__Eukaryota	D_1__SAR	D_2__Stramenopiles	D_3__Ochrophyta	D_6__Mediophyceae	D_7__Chaetoceros	
d19c634b763daabd5e08459e91c4bb97	D_0__Eukaryota	D_1__Opisthokonta	D_2__Holozoa	D_3__Filasterea	D_5__Capsasporidae	D_6__Marine Group	Ambiguous_taxa
81efe10b1ff5859e86b5128eacd4adf8	D_0__Eukaryota	D_1__SAR	D_2__Alveolata	D_3__Protalveolata	D_4__Syndiniales	D_5__Syndiniales Group II	
44cba4764b38a4abcc0eca5e167bb614	D_0__Eukaryota	D_1__SAR	D_2__Stramenopiles	D_3__Ochrophyta	D_6__Mediophyceae	D_7__Skeletonema	Ambiguous_taxa
00302d9bbf084deee3e0847e1d75c41d	D_0__Eukaryota	D_1__SAR	D_2__Alveolata	D_3__Protalveolata	D_4__Syndiniales	D_5__Syndiniales Group III	D_6__uncultured eukaryote
4d841c019e2844d96b26be85b0a4764b	D_0__Eukaryota	D_1__SAR	D_2__Stramenopiles	D_3__Ochrophyta	D_6__Mediophyceae	D_7__Chaetoceros	D_8__uncultured Chaetoceros
04a5a75629e6d48aff919d043cb7eb0d	D_0__Eukaryota	D_1__SAR	D_2__Alveolata	D_3__Protalveolata	D_4__Syndiniales	D_5__Syndiniales Group II	D_6__uncultured marine eukaryote
5feb2f62546980c412e88b5a7ca4b11c	D_0__Eukaryota	D_1__SAR	D_2__Alveolata	D_3__Protalveolata	D_4__Syndiniales	D_5__Syndiniales Group II	
66e88ad18ed1e1d174697a7f29d2dd8c	D_0__Eukaryota	D_1__SAR	D_2__Rhizaria	D_3__Cercozoa	D_6__Protaspidae	D_7__Protaspis	D_8__Uncultured Cercozoa
185f2b0683541d27ba8de9cebec80a1f	D_0__Eukaryota	D_1__SAR	D_2__Alveolata	D_3__Ciliophora	D_6__Prostomatea	D_7__Cryptocaryon	Ambiguous_taxa
7edf760de41ba407757c306e02edb67c	D_0__Eukaryota	D_1__Archaeplastida	D_2__Rhodophyceae	D_3__Florideophycidae	D_4__Rhodymeniophycidae	D_5__Ceramium	
2c331de3b4521dc9b9e3f5a43d58677a	D_0__Eukaryota	D_1__Cryptophyceae	D_2__Cryptomonadales	D_3__uncultured	Ambiguous_taxa	Ambiguous_taxa	Ambiguous_taxa
84b8da0380626ea82adf5284989f1cc1	D_0__Eukaryota	D_1__SAR	D_2__Alveolata	D_3__Protalveolata	D_4__Syndiniales	D_5__Syndiniales Group I	
8dbfcb1d83ecc5e2709e3100e06a2e73	D_0__Eukaryota	D_1__SAR	D_2__Alveolata	D_3__Ciliophora	D_6__Oligotrichia	D_7__uncultured	D_8__seawater metagenome
e9d8b002250a1e1aad30d41f673a138c	D_0__Eukaryota	D_1__SAR	D_2__Stramenopiles	D_3__Ochrophyta	D_6__Mediophyceae	D_7__Thalassiosira	Ambiguous_taxa
610501a13712924c7eae764a49cacf02	D_0__Eukaryota	D_1__Picozoa	D_2__uncultured picobiliphyte	D_3__uncultured picobiliphyte	D_4__uncultured picobiliphyte	D_5__uncultured picobiliphyte	D_6__uncultured picobiliphyte
14eec2507fbc70575bc0bb1949275cce	D_0__Eukaryota	D_1__SAR	D_2__Alveolata	D_3__Dinoflagellata	D_6__Incertae Sedis	D_7__Akashiwo	Ambiguous_taxa
d131e62a26500ba5098546e707f66d38	D_0__Eukaryota	D_1__SAR	D_2__Alveolata	D_3__Ciliophora	D_6__Oligotrichia	D_7__Strombidium	
4b3743912a755fffc23ddd3fdc556e11	D_0__Eukaryota	D_1__Cryptophyceae	D_2__Kathablepharidae	D_3__Katablepharis	D_4__uncultured eukaryote	D_5__uncultured eukaryote	D_6__uncultured eukaryote
04dba3aa6937ec08b2f0b8072cf4219b	D_0__Eukaryota	D_1__Cryptophyceae	D_2__Cryptomonadales	D_3__Hemiselmis	Ambiguous_taxa	Ambiguous_taxa	Ambiguous_taxa
7ca7749b9426f755a3bbe51d475b2fa0	D_0__Eukaryota	D_1__SAR	D_2__Stramenopiles	D_3__Ochrophyta	D_6__Mediophyceae	D_7__Thalassiosira	
7ff33e13ab1d168bd31229577f21cd68	D_0__Eukaryota	D_1__SAR	D_2__Stramenopiles	D_3__Ochrophyta	D_6__Mediophyceae	D_7__Thalassiosira	
19364f67107e1bb9d995c3bfc8fd74d7	D_0__Eukaryota	D_1__SAR	D_2__Alveolata	D_3__Protalveolata	D_4__Syndiniales	D_5__Syndiniales Group II	D_6__uncultured dinoflagellate
a30eba7d763af08c4946e7faca7d42ab	D_0__Eukaryota	D_1__Haptophyta	D_2__Prymnesiophyceae	D_3__Prymnesiales	Ambiguous_taxa	Ambiguous_taxa	Ambiguous_taxa
78f0821dbff4fea3416f6f451b0cb29c	D_0__Eukaryota	D_1__SAR	D_2__Rhizaria	D_3__Cercozoa	D_6__Protaspidae	D_7__Protaspis	D_8__uncultured Rhizaria
03b4c29ec018f4075c121baf4ec44a0b	D_0__Eukaryota	D_1__SAR	D_2__Alveolata	D_3__Protalveolata	D_4__Syndiniales	D_5__Amoebophrya	D_6__uncultured marine picoplankton
53ac83e363fbf0bcff9d3fa3560547d1	D_0__Eukaryota	D_1__SAR	D_2__Alveolata	D_3__Protalveolata	D_4__Syndiniales	D_5__Syndiniales Group II	D_6__uncultured eukaryote
2464fd2416a3ecc16713b052378b02bf	D_0__Eukaryota	D_1__Cryptophyceae	D_2__Kathablepharidae	D_3__Katablepharis	D_4__uncultured eukaryote	D_5__uncultured eukaryote	D_6__uncultured eukaryote
652b9c32d1d045703d552eb861566b71	D_0__Eukaryota	D_1__SAR	D_2__Alveolata	D_3__Ciliophora	D_6__Choreotrichia	D_7__Pelagostrobilidium	D_8__uncultured ciliate
f54c38b40c0d953cf20a9a2505017c65	D_0__Eukaryota	D_1__SAR	D_2__Stramenopiles	D_3__Ochrophyta	D_6__Mediophyceae	D_7__Chaetoceros	D_8__uncultured marine eukaryote
a763135ccd3f7604f7896dfec4af5eb8	D_0__Eukaryota	D_1__SAR	D_2__Alveolata	D_3__Ciliophora	D_5__Spirotrichea	D_6__Oligotrichia	
ad6772297870d28c30abdbc1daace9ba	D_0__Eukaryota	D_1__SAR	D_2__Alveolata	D_3__Protalveolata	D_4__Syndiniales	D_5__Syndiniales Group I	
05e2c6d11aa102c62a321842fb886c52	D_0__Eukaryota	D_1__SAR	D_2__Alveolata	D_3__Dinoflagellata	D_4__Dinophyceae	D_5__uncultured	
d3b2f214bebf8ce82a097b0187533701	D_0__Eukaryota	D_1__Haptophyta	D_2__Prymnesiophyceae	D_3__Prymnesiales	D_4__Chrysochromulina	Ambiguous_taxa	Ambiguous_taxa
47c287632a9b7bddcfd68c709d994faa	D_0__Eukaryota	D_1__SAR	D_2__Alveolata	D_3__Dinoflagellata	D_6__Gymnodinium clade	D_7__Gymnodinium	D_8__uncultured eukaryote
99c38791edd6f990fef36d5227d89a14	D_0__Eukaryota	D_1__SAR	D_2__Alveolata	D_3__Dinoflagellata	D_5__Gymnodiniphycidae	D_6__Gyrodinium	Ambiguous_taxa
2f7be11f6a149dcd15df4e2beca8e758	D_0__Eukaryota	D_1__Archaeplastida	D_2__Chloroplastida	D_3__Chlorophyta	D_4__Prasinophytae	Ambiguous_taxa	Ambiguous_taxa
0dad7af420137a34531c01914a569f9c	D_0__Eukaryota	D_1__Archaeplastida	D_2__Chloroplastida	D_3__Chlorophyta	D_5__Mamiellales	D_6__Micromonas	D_7__uncultured eukaryote
b0d5ad2b3c675a40f58fb57a34b4dee7	D_0__Eukaryota	D_1__Archaeplastida	D_2__Chloroplastida	D_3__Chlorophyta			
1efb03fb25e0087c8a42a08b55562faf	D_0__Eukaryota	D_1__Opisthokonta	D_2__Holozoa	D_3__Metazoa (Animalia)	D_9__Copepoda	D_10__Calanoida	D_11__Calanus finmarchicus
d1ec5c91dff491ba7a9e7f43549a2b81	D_0__Eukaryota	D_1__Archaeplastida	D_2__Chloroplastida	D_3__Chlorophyta	D_4__Prasinophytae	D_5__uncultured Chlorophyta	D_6__uncultured Chlorophyta
8a905adcf54d330c6c345c634872104e	D_0__Eukaryota	D_1__SAR	D_2__Alveolata	D_3__Ciliophora	D_6__Oligotrichia	D_7__Strombidium	D_8__uncultured eukaryote
3588da5363a807e48faaf6a8ca04ca0b	D_0__Eukaryota	D_1__Opisthokonta	D_2__Holozoa	D_3__Metazoa (Animalia)	D_9__Copepoda	D_10__Calanoida	D_11__Calanus finmarchicus
8c5cb3c7560f02efee1a7c0f77aef54b	D_0__Eukaryota	D_1__SAR	D_2__Alveolata	D_3__Dinoflagellata	D_6__Kareniaceae	D_7__Karlodinium	D_8__uncultured marine picoplankton
721878d44dfd410ed4dc14233291ab26	D_0__Eukaryota	D_1__SAR	D_2__Stramenopiles	D_3__Ochrophyta	D_5__Sarcinochrysidales	D_6__SS1-E01-69	
35b2f424e4fc5cb49022a8504186f77e	D_0__Eukaryota	D_1__SAR	D_2__Alveolata	D_3__Ciliophora	D_6__Oligotrichia	Ambiguous_taxa	Ambiguous_taxa
7cb366d6eb0bebaf102ae463247806f7	D_0__Eukaryota	D_1__SAR	D_2__Alveolata	D_3__Dinoflagellata	D_6__Incertae Sedis	D_7__Cochlodinium	D_8__Cochlodinium fulvescens
9226638f574eeba5dd5da53ea88c290f	D_0__Eukaryota	D_1__SAR	D_2__Alveolata	D_3__Dinoflagellata	D_5__Gymnodiniphycidae	D_6__Gyrodinium	
ffa210a4ecbd24328204cb526eb117e2	D_0__Eukaryota	D_1__Haptophyta	D_2__Prymnesiophyceae	D_3__Prymnesiales	D_4__Chrysoculter		
d9c599ad3fa652a8df1b2e2e8347e70c	D_0__Eukaryota	D_1__SAR	D_2__Alveolata	D_3__Dinoflagellata			
93a05897a47f8ac6e450d9aab3355cd3	D_0__Eukaryota	D_1__Haptophyta	D_2__Prymnesiophyceae	D_3__Prymnesiales			
ba9d936ec507bc26c03d5ef1d9e6298b	D_0__Eukaryota	D_1__SAR	D_2__Alveolata	D_3__Dinoflagellata	D_4__Incertae Sedis	D_5__Haplozoon	D_6__uncultured Scrippsiella
ac633da5cda9a67722a1bf9816e22643	D_0__Eukaryota	D_1__Opisthokonta	D_2__Holozoa	D_3__Choanoflagellida	D_5__Codosigidae	D_6__Lagenoeca	D_7__uncultured eukaryote
497eef69a5cbe6cd4dfa6abcfba09093	D_0__Eukaryota	D_1__SAR	D_2__Rhizaria	D_3__Cercozoa	D_6__Protaspidae	D_7__Protaspis	
4b06bddbd8e85d5fd9074cbe16997007	D_0__Eukaryota	D_1__SAR	D_2__Alveolata	D_3__Dinoflagellata	D_6__Kareniaceae	D_7__Karlodinium	Ambiguous_taxa
1db423c6e9806698623b0cfa4df3f9d0	D_0__Eukaryota	D_1__SAR	D_2__Alveolata	D_3__Ciliophora	D_6__Choreotrichia	D_7__uncultured	D_8__uncultured eukaryote
446d9590a3eb6a7cfcdec0415da70bee	D_0__Eukaryota	D_1__SAR	D_2__Alveolata	D_3__Dinoflagellata	D_5__Gymnodiniphycidae	D_6__Katodinium	D_7__uncultured eukaryote
a9868e183eb66e1886ef414612ec81c2	D_0__Eukaryota	D_1__SAR	D_2__Rhizaria	D_3__Cercozoa	D_4__Chlorarachniophyta	D_5__NOR26	
7bbd5712b35e057abf385a37481a0701	D_0__Eukaryota	D_1__SAR	D_2__Stramenopiles	D_3__Ochrophyta	D_5__Ochromonadales	D_6__uncultured	
389ae4cad328a18b4f6575026302c91d	D_0__Eukaryota	D_1__SAR	D_2__Stramenopiles	D_3__MAST-2	Ambiguous_taxa	Ambiguous_taxa	Ambiguous_taxa
f2816dd2f90035da651c0e8111ffaf0e	D_0__Eukaryota	D_1__Opisthokonta	D_2__Holozoa	D_3__Metazoa (Animalia)	D_7__Trachylinae	D_8__Trachymedusae	Ambiguous_taxa
cdb4c93ffedfcd099adee9df95dff595	D_0__Eukaryota	D_1__SAR	D_2__Alveolata	D_3__Protalveolata	D_4__Syndiniales	D_5__Syndiniales Group I	D_6__Uncultured marine alveolate Group II DH145-EKD20
373fcaa6c2b83be22201302a7d4da6ff	D_0__Eukaryota	D_1__SAR	D_2__Alveolata	D_3__Ciliophora	D_6__Oligotrichia	D_7__Strombidium	D_8__Strombidium capitatum
4f46a4021146a667b2d163919b7f28d2	D_0__Eukaryota	D_1__SAR	D_2__Alveolata	D_3__Ciliophora	D_6__Oligotrichia	D_7__uncultured	D_8__seawater metagenome
f6b28347c768f43c20c53d1e7d44cb16	D_0__Eukaryota	D_1__Haptophyta	D_2__Prymnesiophyceae	D_3__Prymnesiales	D_4__Chrysochromulina	D_5__Chrysochromulina leadbeateri	D_6__Chrysochromulina leadbeateri
484ccfff487211e5d99f3fa59276afc8	D_0__Eukaryota	D_1__SAR	D_2__Alveolata	D_3__Dinoflagellata	D_5__Gymnodiniphycidae	D_6__Gyrodinium	
37c67dee09429692954dd30f5b0c99f3	D_0__Eukaryota	D_1__Incertae Sedis	D_2__Telonema				
606e21ba487f7f9c4e388be14744012e	D_0__Eukaryota	D_1__SAR	D_2__Stramenopiles	D_3__MAST-7	D_4__MAST-7A		
35b25fffc34063d178c9ee1c926ec8f0	D_0__Eukaryota	D_1__Picozoa	D_2__uncultured biliphyte	D_3__uncultured biliphyte	D_4__uncultured biliphyte	D_5__uncultured biliphyte	D_6__uncultured biliphyte
4c4e8e1f631ccf8155bb4d3e7869d0e0	D_0__Eukaryota	D_1__SAR	D_2__Alveolata	D_3__Ciliophora	D_6__Oligotrichia	D_7__uncultured	D_8__seawater metagenome
ef363d4bfddb2c7e31f75582b1472b8f	D_0__Eukaryota	D_1__Archaeplastida	D_2__Chloroplastida	D_3__Chlorophyta			
8ae541c0e4655dc7b92267b495767962	D_0__Eukaryota	D_1__SAR	D_2__Rhizaria	D_3__Cercozoa	D_6__Protaspidae	D_7__Cryothecomonas	Ambiguous_taxa
0bc52f1b4ac346ae99840d4cf9ba44de	D_0__Eukaryota	D_1__SAR	D_2__Stramenopiles	D_3__Ochrophyta	D_6__Bacillariophyceae	D_7__Fragilariopsis	
223a90fdef8fafb903838a4554ec9166	D_0__Eukaryota	D_1__Archaeplastida	D_2__Chloroplastida	D_3__Chlorophyta	D_4__Chlorophyceae	D_5__Carteria sp. RCC2487	D_6__Carteria sp. RCC2487
34b4c1aeb0a5758f45089acf1675af23	D_0__Eukaryota	D_1__SAR	D_2__Stramenopiles	D_3__Ochrophyta	D_6__Mediophyceae	D_7__Chaetoceros	
4cc6d6b36bdd5a8c8652993f6db660d2	D_0__Eukaryota	D_1__SAR	D_2__Alveolata	D_3__Ciliophora	D_6__Choreotrichia	D_7__Xystonella	
7fad993863795e29ceb3d70ed451138f	D_0__Eukaryota	D_1__SAR	D_2__Alveolata	D_3__Dinoflagellata	D_6__Peridiniales	D_7__Protoperidinium	D_8__uncultured marine alveolate
1feff5d76fc4fa1e2fde16700b9876a9	D_0__Eukaryota	D_1__SAR	D_2__Stramenopiles	D_3__Ochrophyta	D_6__Mediophyceae	D_7__Chaetoceros	Ambiguous_taxa
9eae200e48ae466e531bb4442891ca74	D_0__Eukaryota	D_1__SAR	D_2__Alveolata	D_3__Dinoflagellata	D_6__Gymnodinium clade		
b2aa2fdf15a3d9c94bc21f684c2f6ba5	D_0__Eukaryota	D_1__SAR	D_2__Alveolata	D_3__Dinoflagellata	D_6__Peridiniales	D_7__Protoperidinium	D_8__uncultured marine alveolate
48f86ebae4f9bef01dd8e32018ac8155	D_0__Eukaryota	D_1__SAR	D_2__Alveolata	D_3__Protalveolata	D_4__Syndiniales	D_5__Syndiniales Group II	Ambiguous_taxa
39ae201fef08484c98634b0c9eb3a12b	D_0__Eukaryota	D_1__Opisthokonta	D_2__Holozoa	D_3__Choanoflagellida	D_5__Stephanoecidae	D_6__Diaphanoeca	
e8a4aeb186581929e3dd2eddd83153a8	D_0__Eukaryota	D_1__SAR	D_2__Alveolata	D_3__Ciliophora	D_6__Oligotrichia	D_7__Spirotontonia	
213b3abfb05d924cc0a3277effe8ee47	D_0__Eukaryota	D_1__SAR	D_2__Alveolata	D_3__Ciliophora	D_6__Prostomatea	D_7__Cryptocaryon	D_8__uncultured alveolate
51a5c24619ec2c91bb1fcd10a332ac19	D_0__Eukaryota	D_1__SAR	D_2__Alveolata	D_3__Dinoflagellata			
dd4c47e22875ebceeeb145a0c2fab70d	D_0__Eukaryota	D_1__Cryptophyceae	D_2__Cryptomonadales	D_3__Teleaulax	D_4__uncultured rhodophyte	D_5__uncultured rhodophyte	D_6__uncultured rhodophyte
9f03371ebee49bd87dd91a864cab2093	D_0__Eukaryota	D_1__SAR	D_2__Alveolata	D_3__Ciliophora	D_6__Oligotrichia		
35f4a046f3be93315f096306217040cb	D_0__Eukaryota	D_1__Archaeplastida	D_2__Chloroplastida	D_3__Chlorophyta	D_4__Prasinophytae	Ambiguous_taxa	Ambiguous_taxa
6b2dad7637dd8b7a926741445e8ac43b	D_0__Eukaryota	D_1__SAR	D_2__Alveolata	D_3__Ciliophora	D_6__Choreotrichia	D_7__Rimostrombidium	D_8__uncultured ciliate
4874dbeadf5f61a202cb7564a3c99546	D_0__Eukaryota	D_1__SAR	D_2__Alveolata	D_3__Ciliophora	D_6__Oligotrichia	D_7__uncultured	D_8__seawater metagenome
f1895ee51fc01f77b2c88b384156af50	D_0__Eukaryota	D_1__Cryptophyceae	D_2__Kathablepharidae	D_3__Leucocryptos	D_4__uncultured eukaryote	D_5__uncultured eukaryote	D_6__uncultured eukaryote
cee16925b307b555189f78fe0e1d80e1	D_0__Eukaryota	D_1__SAR	D_2__Alveolata	D_3__Protalveolata	D_4__Syndiniales	D_5__Syndiniales Group I	D_6__Uncultured marine alveolate Group II DH145-EKD20
1a79f4a47ad390f544d3e127ed609a35	D_0__Eukaryota	D_1__Haptophyta	D_2__Prymnesiophyceae	D_3__Phaeocystis			
ac18e38adc118b20c978387a5b205798	D_0__Eukaryota	D_1__Opisthokonta	D_2__Holozoa	D_3__Choanoflagellida	D_5__Stephanoecidae	D_6__Bicosta	D_7__uncultured choanoflagellate
653f8b37f0624c612cc9719cb9e422ee	D_0__Eukaryota	D_1__SAR	D_2__Alveolata	D_3__Dinoflagellata	D_6__Thoracosphaeraceae	D_7__Scrippsiella	D_8__uncultured eukaryote
8123877cd6413582c9bfbf0f7567a8fd	D_0__Eukaryota	D_1__SAR	D_2__Rhizaria	D_3__Cercozoa	D_6__Protaspidae	D_7__Protaspis	
a6cf7495bc9aa07bccc2a76e6796f0dc	D_0__Eukaryota	D_1__SAR	D_2__Alveolata	D_3__Dinoflagellata	D_4__Dinophyceae	D_5__uncultured	D_6__uncultured marine eukaryote
dbef1e230e5a7d6d91654092f0b81078	D_0__Eukaryota	D_1__SAR	D_2__Rhizaria	D_3__Cercozoa	D_4__Thecofilosea	D_5__uncultured	Ambiguous_taxa
02e74ade32876b2c36f2b970b86161d6	D_0__Eukaryota	D_1__SAR	D_2__Alveolata	D_3__Ciliophora	D_6__Nassophorea	D_7__uncultured	D_8__uncultured ciliate
6e410180757b4829856a937beace3b1b	D_0__Eukaryota	D_1__Haptophyta	D_2__Prymnesiophyceae	D_3__Prymnesiales	D_4__Pseudohaptolina	D_5__Pseudohaptolina sorokinii	D_6__Pseudohaptolina sorokinii
ed5b83587894a14cd97b58911fc32ac1	D_0__Eukaryota	D_1__SAR	D_2__Alveolata	D_3__Ciliophora	D_6__Prostomatea	D_7__Cryptocaryon	
16273c23cf83977f6c3e01533a8f8ad8	D_0__Eukaryota	D_1__Picozoa	D_2__uncultured biliphyte	D_3__uncultured biliphyte	D_4__uncultured biliphyte	D_5__uncultured biliphyte	D_6__uncultured biliphyte
51742a388e586ec51be5822dac9e778e	D_0__Eukaryota	D_1__SAR	D_2__Alveolata	D_3__Dinoflagellata	D_6__Peridiniales	D_7__Protoperidinium	D_8__Protoperidinium bipes
b2fbe7b130bb53d3c266d723d94193ef	D_0__Eukaryota	D_1__SAR	D_2__Alveolata	D_3__Ciliophora	D_6__Oligotrichia	D_7__Strombidium	D_8__uncultured alveolate
f7c436e31e5e2af5af64dcbe8937f80f	D_0__Eukaryota						
8f94623b1e5064782201f27132c9aef0	D_0__Eukaryota	D_1__SAR	D_2__Rhizaria	D_3__Cercozoa	D_6__Protaspidae	D_7__Cryothecomonas	
3a627a83112b3748961e04f64186ce8b	D_0__Eukaryota	D_1__Opisthokonta	D_2__Holozoa	D_3__Choanoflagellida	D_5__Stephanoecidae	D_6__Bicosta	Ambiguous_taxa
d017329c82bc25aa097fd7c9d92f0199	D_0__Eukaryota	D_1__Opisthokonta	D_2__Holozoa	D_3__Choanoflagellida	D_5__Acanthoecidae	D_6__Pleurasiga	D_7__Pleurasiga minima
288881f0c028f8abd52fc460c356c5d5	D_0__Eukaryota	D_1__Archaeplastida	D_2__Chloroplastida	D_3__Chlorophyta	D_5__Pseudoscourfieldiales	D_6__Prasinoderma	D_7__uncultured eukaryote
ed722237eb8da3c4298b59c86dfa2415	D_0__Eukaryota	D_1__SAR	D_2__Alveolata	D_3__Protalveolata	D_4__Syndiniales	D_5__Amoebophrya	D_6__uncultured alveolate
2ee186ab6de21597d12b2bc0226df770	D_0__Eukaryota	D_1__Picozoa	D_2__uncultured biliphyte	D_3__uncultured biliphyte	D_4__uncultured biliphyte	D_5__uncultured biliphyte	D_6__uncultured biliphyte
920dd5c8e39ece9478bb106d7eb6d3cb	D_0__Eukaryota	D_1__SAR	D_2__Alveolata	D_3__Protalveolata	D_4__Syndiniales	D_5__Syndiniales Group III	
877e6b636045ce15206b18233267ad84	D_0__Eukaryota	D_1__Haptophyta	D_2__Prymnesiophyceae	D_3__Prymnesiales			
a4ae79014cde608ffaa0a0867d811c6e	D_0__Eukaryota	D_1__Opisthokonta	D_2__Holozoa	D_3__Metazoa (Animalia)	D_8__Scolecida	D_9__Capitellida	
d03d8c69c65f313bef5d60c0c505dc3c	D_0__Eukaryota	D_1__Opisthokonta	D_2__Holozoa	D_3__Metazoa (Animalia)	D_8__Pteriomorphia	D_9__Mytiloida	D_10__Musculista senhousia (Asian date mussel)
71286f176996ac5a7f0c5b39b36c1026	D_0__Eukaryota	D_1__Opisthokonta	D_2__Holozoa	D_3__Metazoa (Animalia)	D_7__Gymnolaemata	D_8__Cheilostomatida	D_9__Membranipora membranacea
5dfa887dab5b5e774e1dc63871c725bf	D_0__Eukaryota	D_1__Opisthokonta	D_2__Holozoa	D_3__Metazoa (Animalia)	D_9__Copepoda	D_10__Calanoida	Ambiguous_taxa
ddcd863dd1469c278c6cd464a105d380	D_0__Eukaryota	D_1__Opisthokonta	D_2__Holozoa	D_3__Metazoa (Animalia)	D_9__Copepoda	D_10__Cyclopoida	
b5c5a7a7ecbd2c05416f733fb02363dc	D_0__Eukaryota	D_1__SAR	D_2__Alveolata	D_3__Dinoflagellata	D_5__Gymnodiniphycidae	D_6__Gyrodinium	
951b91d775a50a290d5f346f3a7f83ad	D_0__Eukaryota	D_1__SAR	D_2__Alveolata	D_3__Dinoflagellata	D_6__Peridiniales	D_7__Protoperidinium	D_8__Protoperidinium punctulatum
e141e93f0f57387eea61560aec36ce20	D_0__Eukaryota	D_1__SAR	D_2__Alveolata	D_3__Protalveolata	D_4__Syndiniales	D_5__Syndiniales Group I	D_6__uncultured marine eukaryote
ca4265d9517ffef36ccdd5ae714feb7b	D_0__Eukaryota	D_1__SAR	D_2__Rhizaria	D_3__Cercozoa			
5caac372040a49013cdcf9ed5a68fa6f	D_0__Eukaryota	D_1__SAR	D_2__Alveolata	D_3__Ciliophora	D_6__Choreotrichia	D_7__Tintinnidium	Ambiguous_taxa
4a6ba8c9fd063d042a40a38c7bfaeae3	D_0__Eukaryota	D_1__Archaeplastida	D_2__Chloroplastida	D_3__Chlorophyta	D_5__Chlorodendrales	D_6__Tetraselmis	Ambiguous_taxa
8c652b897f4ce4fe17f98c2a735f4806	D_0__Eukaryota	D_1__SAR	D_2__Stramenopiles	D_3__Ochrophyta	D_4__Pelagophyceae	D_5__uncultured eukaryote	D_6__uncultured eukaryote
d5eb82907f8e1dda25cc4ca93b7da879	D_0__Eukaryota	D_1__Haptophyta	D_2__Prymnesiophyceae	D_3__Prymnesiales			
75c83397105cfec64899c3c64bc2d9a5	D_0__Eukaryota	D_1__Opisthokonta	D_2__Holozoa	D_3__Metazoa (Animalia)	D_9__Copelata	D_10__Oikopleuridae	Ambiguous_taxa
314a38bd3e4b878b0e8f05d015b3df2c	D_0__Eukaryota	D_1__Opisthokonta	D_2__Holozoa	D_3__Metazoa (Animalia)	D_9__Copepoda	D_10__Harpacticoida	D_11__Tachidius triangularis
2ee13d5351aa196df933f4a2d389d0b2	D_0__Eukaryota	D_1__SAR	D_2__Alveolata	D_3__Dinoflagellata	D_6__Peridiniales	D_7__Heterocapsa	
b083ece4722b12190a2d585205dddfb7	D_0__Eukaryota	D_1__SAR	D_2__Alveolata	D_3__Dinoflagellata	D_6__Gymnodinium clade	D_7__Erythropsidinium	D_8__uncultured eukaryote
73e716d118953d1f1761533ac54267ec	D_0__Eukaryota	D_1__Picozoa	D_2__Picomonadida	D_3__Picomonadidae	D_4__Picomonas	Ambiguous_taxa	Ambiguous_taxa
be812ebc72a458bf828a2346c2222ee8	D_0__Eukaryota	D_1__Opisthokonta	D_2__Holozoa	D_3__Metazoa (Animalia)	D_9__Copepoda	D_10__Poecilostomatoida	D_11__uncultured eukaryote
a66bc8570292d1ab39a5fe2f7b8b0d27	D_0__Eukaryota	D_1__Opisthokonta	D_2__Holozoa	D_3__Choanoflagellida	D_5__Stephanoecidae	D_6__Bicosta	
8ad25762af3a05c4f6d38e04390ade0c	D_0__Eukaryota	D_1__SAR	D_2__Alveolata	D_3__Dinoflagellata	D_6__Peridiniales	D_7__Protoperidinium	D_8__uncultured dinoflagellate
88e4fa60d6d1012cc4b5981b07e8f7de	D_0__Eukaryota	D_1__Opisthokonta	D_2__Holozoa	D_3__Ichthyosporea	D_5__Abeoformidae	D_6__Pirum	Ambiguous_taxa
aa64cf56da81209da3ff2a9eafdde971	D_0__Eukaryota	D_1__Cryptophyceae	D_2__Cryptomonadales	D_3__Teleaulax			
0a5a228fd7910ab927758802423f55ce	D_0__Eukaryota	D_1__Opisthokonta					
3d5495c35e9c24e02597b0d966fe80e3	D_0__Eukaryota	D_1__Cryptophyceae	D_2__Cryptomonadales	D_3__Rhodomonas	D_4__Rhodomonas sp. CCMP762	D_5__Rhodomonas sp. CCMP762	D_6__Rhodomonas sp. CCMP762
9a570cf52b84413d7367b92a383260c7	D_0__Eukaryota	D_1__SAR	D_2__Rhizaria	D_3__Cercozoa	D_6__Protaspidae	D_7__Protaspis	D_8__uncultured Rhizaria
27d4298a1890b7914aa36c4b6d319c63	D_0__Eukaryota	D_1__Opisthokonta	D_2__Holozoa	D_3__Metazoa (Animalia)	D_8__Pteriomorphia	D_9__Pectinoida	Ambiguous_taxa
8565409748b329d8b89b2159661f5017	D_0__Eukaryota	D_1__Opisthokonta	D_2__Holozoa	D_3__Metazoa (Animalia)	D_8__Heteroconchia	D_9__Myoida	
fdb57c9be77fe67b7567dfa69665e1e5	D_0__Eukaryota	D_1__Opisthokonta	D_2__Holozoa	D_3__Metazoa (Animalia)	D_9__Copepoda	D_10__Calanoida	D_11__Centropages typicus
23ce2f1c930ed952cbd7913fc6021280	D_0__Eukaryota	D_1__SAR	D_2__Alveolata	D_3__Protalveolata	D_4__Syndiniales	D_5__Syndiniales Group I	
baa8dda055ece8b37304e6e342f76127	D_0__Eukaryota	D_1__SAR	D_2__Alveolata	D_3__Ciliophora	D_6__Oligotrichia	D_7__uncultured	D_8__seawater metagenome
ab2a6e5a12766c42e9b3e3f4c3a5eae2	D_0__Eukaryota	D_1__SAR	D_2__Rhizaria	D_3__Cercozoa	D_4__Novel Clade 2	D_5__Uncultured Cercozoa	D_6__Uncultured Cercozoa
869eee5a6a753b60d2f5ef496f7105ba	D_0__Eukaryota	D_1__SAR	D_2__Alveolata	D_3__Protalveolata	D_4__Syndiniales	D_5__Syndiniales Group I	D_6__uncultured dinoflagellate
7841d0f1b25e8d262663e95fd7c7c2ae	D_0__Eukaryota	D_1__SAR	D_2__Rhizaria	D_3__Cercozoa	D_4__Thecofilosea	D_5__uncultured	D_6__uncultured Rhizaria
65f63595cfa18402f96bc1f57d482e75	D_0__Eukaryota	D_1__SAR	D_2__Alveolata	D_3__Dinoflagellata	D_5__Gymnodiniphycidae	D_6__Gyrodinium	D_7__uncultured dinoflagellate
21979321c7d4a43bc01df21f3464ff88	D_0__Eukaryota	D_1__SAR	D_2__Alveolata	D_3__Dinoflagellata			
a4e1b515403bce0c256d03836032c446	D_0__Eukaryota	D_1__SAR	D_2__Alveolata	D_3__Dinoflagellata	D_6__Peridiniales	D_7__Islandinium	Ambiguous_taxa
76779c4835138f534d9df7aa033b9cdd	D_0__Eukaryota	D_1__Opisthokonta	D_2__Holozoa	D_3__Choanoflagellida	D_5__Stephanoecidae	D_6__Bicosta	Ambiguous_taxa
dd0612af84a3acad6193967e31ecc796	D_0__Eukaryota	D_1__Opisthokonta	D_2__Holozoa	D_3__Metazoa (Animalia)	D_8__Ascidiacea	D_9__Enterogona	D_10__Ciona intestinalis
9f4092775f0a15576e4383560258129f	D_0__Eukaryota	D_1__SAR	D_2__Alveolata	D_3__Ciliophora			
e324ad1cf2b8d1d72a5803f7a58c129a	D_0__Eukaryota	D_1__SAR	D_2__Stramenopiles	D_3__Ochrophyta	D_6__Mediophyceae		
a1094fb7ff000c9ad59295536dbb0c9e	D_0__Eukaryota	D_1__SAR	D_2__Stramenopiles	D_3__MAST-1	D_4__MAST-1C	Ambiguous_taxa	Ambiguous_taxa
e6ccf866715482a5f769694105da2d7f	D_0__Eukaryota	D_1__SAR	D_2__Rhizaria	D_3__Retaria	D_4__Acantharia	D_5__uncultured	D_6__uncultured eukaryote
95dd8ff3730720864bd5fa69b83362d8	D_0__Eukaryota	D_1__SAR	D_2__Stramenopiles	D_3__Ochrophyta	D_6__Mediophyceae	D_7__Thalassiosira	D_8__uncultured marine eukaryote
66cba167ed90b8b4b988b9dab92545cd	D_0__Eukaryota	D_1__Haptophyta	D_2__Prymnesiophyceae	D_3__Prymnesiales	D_4__Prymnesium		
c21eb7519a50ef711c490234e8a2a246	D_0__Eukaryota	D_1__SAR	D_2__Stramenopiles	D_3__MAST-6	Ambiguous_taxa	Ambiguous_taxa	Ambiguous_taxa
ab8be5c3f24bac0a3618fac7b5a7e4b7	D_0__Eukaryota	D_1__SAR	D_2__Rhizaria	D_3__Cercozoa	D_4__Novel Clade 2	D_5__uncultured eukaryote	D_6__uncultured eukaryote
f5170a4f11cc8eee58e1c1a645206b09	D_0__Eukaryota	D_1__Picozoa	D_2__Picomonadida	Ambiguous_taxa	Ambiguous_taxa	Ambiguous_taxa	Ambiguous_taxa
c5536949cd6e0a5b3122b6063ad1c824	D_0__Eukaryota	D_1__SAR	D_2__Stramenopiles	D_3__Ochrophyta	D_6__Mediophyceae	D_7__Chaetoceros	
b68736454f34c37c42f17c8654f442df	D_0__Eukaryota	D_1__SAR	D_2__Stramenopiles	D_3__MAST-8	D_4__uncultured eukaryote	D_5__uncultured eukaryote	D_6__uncultured eukaryote
0c292ad2459c6d5cdbbeee8e1d93351a	D_0__Eukaryota	D_1__SAR	D_2__Alveolata	D_3__Dinoflagellata			
b6e7e327220641e2ef54552d4170e8b0	D_0__Eukaryota	D_1__Haptophyta	D_2__Prymnesiophyceae	D_3__Prymnesiales	D_4__Prymnesium	Ambiguous_taxa	Ambiguous_taxa
8eb4712a52e8dec878c4fc0cfe06f0c3	D_0__Eukaryota	D_1__SAR	D_2__Alveolata	D_3__Dinoflagellata			
38e41d66355619528dfb72b1f97ddc21	D_0__Eukaryota	D_1__SAR	D_2__Alveolata	D_3__Dinoflagellata			
113590dc0e395b2244e06575ab1d0573	D_0__Eukaryota	D_1__Haptophyta	D_2__Prymnesiophyceae	D_3__Isochrysidales	D_4__Isochrysis	Ambiguous_taxa	Ambiguous_taxa
55b5b7b6fcd22c4eb9b5460cf8a54b99	D_0__Eukaryota	D_1__Archaeplastida	D_2__Chloroplastida	D_3__Chlorophyta	D_5__Pyramimonadales	D_6__Pyramimonas	D_7__Pyramimonas parkeae
72121ceacc3a26749ff2d0a21fbe237a	D_0__Eukaryota	D_1__SAR	D_2__Stramenopiles	D_3__Ochrophyta	D_6__Mediophyceae	D_7__Chaetoceros	D_8__Chaetoceros sp. DDZ-2010a
38c940bb6f70d38496939363263e876f	D_0__Eukaryota	D_1__SAR	D_2__Alveolata	D_3__Dinoflagellata	D_6__Gonyaulacales	D_7__Alexandrium	
68ab996ad3c4c66f21d5c839487230a4	D_0__Eukaryota	D_1__SAR	D_2__Stramenopiles	D_3__Ochrophyta	D_6__Fragilariales	D_7__Plagiostriata	D_8__Plagiostriata goreensis
ca46b3144172a77ffdd419497cfaeb0a	D_0__Eukaryota	D_1__SAR	D_2__Alveolata	D_3__Dinoflagellata			
607375a7218d4e962387c4bac1fa6463	D_0__Eukaryota	D_1__SAR	D_2__Stramenopiles	D_3__Ochrophyta	D_6__Mediophyceae	D_7__Odontella	Ambiguous_taxa
554e1c6a4564b87333009e53e572d5e5	D_0__Eukaryota	D_1__Archaeplastida	D_2__Chloroplastida	D_3__Chlorophyta	D_5__Prasinococcales	D_6__Prasinococcus	D_7__Prasinococcus sp. CCMP1194
feeb6e2f5f3fee8f225052c32eb4993f	D_0__Eukaryota	D_1__SAR	D_2__Stramenopiles	D_3__Ochrophyta	D_6__Mediophyceae	D_7__Thalassiosira	Ambiguous_taxa
829c96e5750c18745dd35dc3c34d91db	D_0__Eukaryota	D_1__SAR	D_2__Stramenopiles	D_3__Ochrophyta	D_6__Bacillariophyceae	D_7__Pseudo-nitzschia	
90c849c88bccda37e97fec1517d2e0da	D_0__Eukaryota	D_1__SAR	D_2__Stramenopiles	D_3__Ochrophyta	D_6__Melosirids	D_7__Melosira	Ambiguous_taxa
4a9f5151114c0e18ac45b7d4edf66e1d	D_0__Eukaryota	D_1__Archaeplastida	D_2__Chloroplastida	D_3__Chlorophyta	D_5__Prasinococcales	D_6__Prasinococcus	D_7__Prasinococcus sp. RCC2694
d72577e67fb2ae2486383ca37d01b896	D_0__Eukaryota	D_1__Haptophyta	D_2__Prymnesiophyceae	D_3__Prymnesiales	D_4__Prymnesium	Ambiguous_taxa	Ambiguous_taxa
6dfb18818a20ae21efe93cb659c16b25	D_0__Eukaryota	D_1__SAR	D_2__Stramenopiles	D_3__Ochrophyta	D_6__Mediophyceae	D_7__Thalassiosira	Ambiguous_taxa
4cc8abb0788053a9a7612cb61a853692	D_0__Eukaryota	D_1__Haptophyta	D_2__Prymnesiophyceae	D_3__Phaeocystis	Ambiguous_taxa	Ambiguous_taxa	Ambiguous_taxa
a0c7226e43159913fa718dbf48305e1b	D_0__Eukaryota	D_1__Opisthokonta	D_2__Nucletmycea	D_3__Fungi	D_9__Didymellaceae	D_10__Didymella	D_11__uncultured eukaryote
d579dcb5d7f9bf2d07b37d2edbe80245	D_0__Eukaryota	D_1__Haptophyta	D_2__Prymnesiophyceae				
2e222b4d04752b1f811a6f785f4b6f06	D_0__Eukaryota	D_1__Haptophyta	D_2__Prymnesiophyceae	D_3__Phaeocystis	Ambiguous_taxa	Ambiguous_taxa	Ambiguous_taxa
544f854ffb12250b21cd19b620094866	D_0__Eukaryota	D_1__Haptophyta	D_2__Prymnesiophyceae	D_3__Prymnesiales	D_4__Prymnesium		
c0352a6ee8cddae38b50f394b8b7c032	D_0__Eukaryota	D_1__SAR	D_2__Stramenopiles	D_3__Ochrophyta	D_6__Mediophyceae	D_7__Chaetoceros	D_8__Chaetoceros sp. DDZ-2010a
7403e3c56e38b8b7891edb3d42bf3c5e	D_0__Eukaryota	D_1__Haptophyta	D_2__Prymnesiophyceae	D_3__Phaeocystis	Ambiguous_taxa	Ambiguous_taxa	Ambiguous_taxa
66fe30d4e38e3417323e1ac04032a307	D_0__Eukaryota	D_1__Haptophyta	D_2__Prymnesiophyceae	D_3__Isochrysidales	D_4__Isochrysis	Ambiguous_taxa	Ambiguous_taxa
74bfbdbad1d52b5391770718002fb15d	D_0__Eukaryota	D_1__Haptophyta	D_2__Prymnesiophyceae	D_3__Prymnesiales	D_4__Prymnesium	Ambiguous_taxa	Ambiguous_taxa
deda81be97dc04ed83002a1e0da99232	D_0__Eukaryota	D_1__Haptophyta	D_2__Prymnesiophyceae	D_3__Phaeocystis	Ambiguous_taxa	Ambiguous_taxa	Ambiguous_taxa
c1d0b06cf0a2071a8c663dc3a798e9e9	D_0__Eukaryota	D_1__SAR	D_2__Alveolata	D_3__Dinoflagellata			
9afd5040622189dfbcfdf1e5b62ddd1e	D_0__Eukaryota	D_1__SAR	D_2__Alveolata	D_3__Dinoflagellata			
f634bb420fe41d1c575396ee16cd1687	D_0__Eukaryota	D_1__Haptophyta	D_2__Prymnesiophyceae	D_3__Phaeocystis	Ambiguous_taxa	Ambiguous_taxa	Ambiguous_taxa
f032aeac33a450a315d1adf15f48561b	D_0__Eukaryota	D_1__Haptophyta	D_2__Prymnesiophyceae	D_3__Phaeocystis	Ambiguous_taxa	Ambiguous_taxa	Ambiguous_taxa
efda20bd6c6ca80a84a70d0fbe977f56	D_0__Eukaryota	D_1__Haptophyta	D_2__Prymnesiophyceae	D_3__Phaeocystis	Ambiguous_taxa	Ambiguous_taxa	Ambiguous_taxa
709b381c4d5d653652bbae78ef71f006	D_0__Eukaryota	D_1__Haptophyta	D_2__Prymnesiophyceae	D_3__Phaeocystis	Ambiguous_taxa	Ambiguous_taxa	Ambiguous_taxa
21af4c6b000c37900acf5348f412c6a9	D_0__Eukaryota	D_1__Haptophyta	D_2__Prymnesiophyceae	D_3__Phaeocystis	Ambiguous_taxa	Ambiguous_taxa	Ambiguous_taxa
2434a571132aee5275a48ae2bc511661	D_0__Eukaryota	D_1__Haptophyta	D_2__Prymnesiophyceae	D_3__Phaeocystis	Ambiguous_taxa	Ambiguous_taxa	Ambiguous_taxa
5bae0a9b61d6ee08f4609f4a21b3614c	D_0__Eukaryota	D_1__Haptophyta	D_2__Prymnesiophyceae				
2f1376f0aa19f0beb0f56dc01943e089	D_0__Eukaryota	D_1__Haptophyta	D_2__Prymnesiophyceae				
843d837db1698aa64ee4f58e988d32e8	D_0__Eukaryota	D_1__Opisthokonta	D_2__Nucletmycea	D_3__Fungi	D_9__Aspergillaceae		
617fe0b05e4039cbb71dd96f9f1e18df	D_0__Eukaryota	D_1__SAR	D_2__Alveolata	D_3__Ciliophora	D_6__Euplotia	D_7__Euplotes	D_8__Euplotes dammamensis
72cec5361add83c5fc1a7c23683de687	D_0__Eukaryota	D_1__Haptophyta	D_2__Prymnesiophyceae	D_3__Phaeocystis	Ambiguous_taxa	Ambiguous_taxa	Ambiguous_taxa
de5c5052cd8e35b37c9dd833db5cc800	D_0__Eukaryota	D_1__Haptophyta	D_2__Prymnesiophyceae	D_3__Isochrysidales	D_4__Isochrysis	Ambiguous_taxa	Ambiguous_taxa
b7e676093afa3d7610372ba18eeb80d1	D_0__Eukaryota	D_1__Opisthokonta	D_2__Holozoa	D_3__Metazoa (Animalia)	D_10__Tetrapoda	D_11__Mammalia	Ambiguous_taxa
39597d1376fb471fd94573f455bda074	D_0__Eukaryota	D_1__Haptophyta	D_2__Prymnesiophyceae	D_3__Prymnesiales	D_4__Prymnesium	Ambiguous_taxa	Ambiguous_taxa
f464c9c313684b39be5d8b65bde1492c	D_0__Eukaryota	D_1__Haptophyta	D_2__Prymnesiophyceae	D_3__Isochrysidales			
1a4f6666f0f55dc192438e70323490a6	D_0__Eukaryota	D_1__Haptophyta	D_2__Prymnesiophyceae	D_3__Prymnesiales	D_4__Prymnesium		
5f5495b33b744695b8425c5b8b3314bc	D_0__Eukaryota	D_1__Opisthokonta	D_2__Holozoa	D_3__Metazoa (Animalia)	D_9__Copepoda	D_10__Calanoida	D_11__uncultured marine eukaryote
e5585a1720078473517cff5fc933bb19	D_0__Eukaryota	D_1__SAR	D_2__Rhizaria	D_3__Cercozoa			
5c033b5c30dbbc18404f7a5cb1448016	D_0__Eukaryota	D_1__Opisthokonta	D_2__Holozoa	D_3__Metazoa (Animalia)	D_8__Pteriomorphia	D_9__Pectinoida	Ambiguous_taxa
fcd9f1918ad5ebf32473df16a3763621	D_0__Eukaryota	D_1__Opisthokonta	D_2__Holozoa	D_3__Metazoa (Animalia)	D_8__Heteroconchia	D_9__Myoida	
443abc3b2b54870231d0e16a4b48e1bf	D_0__Eukaryota	D_1__Opisthokonta	D_2__Holozoa	D_3__Metazoa (Animalia)	D_8__Heteroconchia	D_9__Veneroida	D_10__Parvicardium minimum
907d02730832af9124defc9cb7909173	D_0__Eukaryota	D_1__Opisthokonta	D_2__Nucletmycea	D_3__Fungi	D_9__Ophiostomataceae	Ambiguous_taxa	Ambiguous_taxa
abc80d1b68fb0d497fe6feb5a4efc275	D_0__Eukaryota	D_1__Opisthokonta	D_2__Holozoa	D_3__Metazoa (Animalia)	D_7__Gastropoda	D_8__Heterobranchia	
ba99e861fe59fd0028379c34d5cb7d85	D_0__Eukaryota	D_1__Opisthokonta	D_2__Holozoa	D_3__Metazoa (Animalia)	D_9__Copepoda	D_10__Calanoida	Ambiguous_taxa
c2ab386449d8ab59565e9f8d59831bef	D_0__Eukaryota	D_1__Haptophyta	D_2__Prymnesiophyceae	D_3__Phaeocystis	Ambiguous_taxa	Ambiguous_taxa	Ambiguous_taxa
45fe50ffd892969e614892ee5a8e5bbd	D_0__Eukaryota	D_1__Haptophyta	D_2__Prymnesiophyceae	D_3__Phaeocystis	Ambiguous_taxa	Ambiguous_taxa	Ambiguous_taxa
2c5df5ab70c9bb03a1e93a0fd84fda31	D_0__Eukaryota	D_1__Haptophyta	D_2__Prymnesiophyceae				
9621b08333ec5b5d1fb028182c29afb4	D_0__Eukaryota	D_1__Haptophyta	D_2__Prymnesiophyceae	D_3__Isochrysidales	Ambiguous_taxa	Ambiguous_taxa	Ambiguous_taxa
959ed0cf96f4b13c3776a4245bc9fce1	D_0__Eukaryota	D_1__Haptophyta	D_2__Prymnesiophyceae	D_3__Prymnesiales	D_4__Prymnesium		
f5ee07d944f3e21a86e58a430d7cbb12	D_0__Eukaryota	D_1__Archaeplastida	D_2__Chloroplastida	D_3__Chlorophyta	D_5__Pyramimonadales	D_6__Pyramimonas	D_7__Pyramimonas parkeae
557c60ef87bfb3a5879cabdf7c669c13	D_0__Eukaryota	D_1__Haptophyta	D_2__Prymnesiophyceae	D_3__Prymnesiales	D_4__Prymnesium		
9316d7e6d355bd3bf62dc2a2dbed57e3	D_0__Eukaryota	D_1__Haptophyta	D_2__Prymnesiophyceae	D_3__Phaeocystis	Ambiguous_taxa	Ambiguous_taxa	Ambiguous_taxa
8f2b4d3f6e52984d45ad910f5a766c49	D_0__Eukaryota	D_1__Haptophyta	D_2__Prymnesiophyceae	D_3__Phaeocystis	Ambiguous_taxa	Ambiguous_taxa	Ambiguous_taxa
830b51d068c35762407a7bbd60397006	D_0__Eukaryota	D_1__SAR	D_2__Alveolata	D_3__Dinoflagellata			
e6d216ca69b45dd0203b78e4a214deb4	D_0__Eukaryota	D_1__Haptophyta	D_2__Prymnesiophyceae	D_3__Phaeocystis	Ambiguous_taxa	Ambiguous_taxa	Ambiguous_taxa
4828720b70d170a7ab7a71b9c40695db	D_0__Eukaryota	D_1__SAR	D_2__Alveolata				
4be0f90abc9e79f39a87204dcc67c152	D_0__Eukaryota	D_1__SAR	D_2__Alveolata	D_3__Dinoflagellata			
ef0073fc3b8e1175266457346966f72f	D_0__Eukaryota	D_1__Haptophyta	D_2__Prymnesiophyceae	D_3__Phaeocystis	Ambiguous_taxa	Ambiguous_taxa	Ambiguous_taxa
7bf008aa49c859f06e253e696dd3b6df	D_0__Eukaryota	D_1__SAR	D_2__Alveolata	D_3__Dinoflagellata			
248f2033c3eebd51e7252fabb12b6654	D_0__Eukaryota	D_1__Haptophyta	D_2__Prymnesiophyceae	D_3__Phaeocystis	Ambiguous_taxa	Ambiguous_taxa	Ambiguous_taxa
2d374fc42d824d7b08e24eb9d1d55826	D_0__Eukaryota	D_1__Haptophyta	D_2__Prymnesiophyceae	D_3__Isochrysidales	D_4__Isochrysis	Ambiguous_taxa	Ambiguous_taxa
d56bc62d8f94279ff595e15f6523567a	D_0__Eukaryota	D_1__Haptophyta	D_2__Prymnesiophyceae	D_3__Isochrysidales	Ambiguous_taxa	Ambiguous_taxa	Ambiguous_taxa
bd00b40eedfffefd34ffbef89df6ef6a	D_0__Eukaryota	D_1__Haptophyta	D_2__Prymnesiophyceae	D_3__Phaeocystis	Ambiguous_taxa	Ambiguous_taxa	Ambiguous_taxa
8697de32128ad4cd06682e59155faca1	D_0__Eukaryota	D_1__Haptophyta	D_2__Prymnesiophyceae	D_3__Phaeocystis	Ambiguous_taxa	Ambiguous_taxa	Ambiguous_taxa
20210e1d5c653397edb899543f704265	D_0__Eukaryota	D_1__Opisthokonta	D_2__Holozoa	D_3__Metazoa (Animalia)	D_9__Copepoda	D_10__Calanoida	Ambiguous_taxa
a9cd46a926c37f80bab06189633bb4a5	D_0__Eukaryota	D_1__Haptophyta	D_2__Prymnesiophyceae	D_3__Isochrysidales	D_4__Isochrysis	Ambiguous_taxa	Ambiguous_taxa
4cdf3c5bdda78d229e57328f3eede498	D_0__Eukaryota	D_1__Haptophyta	D_2__Prymnesiophyceae	D_3__Phaeocystis	Ambiguous_taxa	Ambiguous_taxa	Ambiguous_taxa
c0c53331e6eadcab800a7d71ed6ed0da	D_0__Eukaryota	D_1__Haptophyta	D_2__Prymnesiophyceae	D_3__Phaeocystis	Ambiguous_taxa	Ambiguous_taxa	Ambiguous_taxa
5bd874b620dafab705506c457b01d40f	D_0__Eukaryota	D_1__Haptophyta	D_2__Prymnesiophyceae	D_3__Phaeocystis			
040164a57b20b8a1bbafd0708c1fb93f	D_0__Eukaryota	D_1__SAR	D_2__Alveolata	D_3__Dinoflagellata	D_6__Gonyaulacales	D_7__Alexandrium	Ambiguous_taxa
a157d14ed52fbb41b6c94371771d35c2	D_0__Eukaryota	D_1__SAR	D_2__Alveolata	D_3__Protalveolata	D_4__Syndiniales	D_5__Syndiniales Group I	D_6__Uncultured marine alveolate Group II DH145-EKD20
f492be797bd4df56f256d3b357a451a9	D_0__Eukaryota	D_1__Haptophyta	D_2__Prymnesiophyceae	D_3__Phaeocystis			
118bdb30d040facef980e52682c82fc8	D_0__Eukaryota	D_1__Opisthokonta	D_2__Holozoa	D_3__Metazoa (Animalia)	D_8__Scolecida	D_9__Spionida	
1e74a0a99726b0a5c25774352f27ac16	D_0__Eukaryota	D_1__Opisthokonta	D_2__Holozoa	D_3__Metazoa (Animalia)	D_8__Heteroconchia	D_9__Veneroida	D_10__Mercenaria mercenaria
91556f5333c150dd41319a64f3e1ee36	D_0__Eukaryota	D_1__Opisthokonta	D_2__Holozoa	D_3__Metazoa (Animalia)	D_8__Scolecida	D_9__Capitellida	D_10__Sclerobregma branchiata
e106c2982f47cc3f529eb1ac3f4f0ad0	D_0__Eukaryota	D_1__SAR	D_2__Rhizaria	D_3__Cercozoa	D_5__Cryomonadida	D_6__Ventrifissuridae	D_7__Uncultured Cercozoa
e9720665d5047eb7385c43407b16a73a	D_0__Eukaryota	D_1__SAR	D_2__Alveolata	D_3__Dinoflagellata	D_6__Gonyaulacales	D_7__Heterodinium	D_8__uncultured eukaryote
76836497991010484069b694d8d032ee	D_0__Eukaryota	D_1__SAR	D_2__Alveolata	D_3__Dinoflagellata	D_5__Gymnodiniphycidae	D_6__Gyrodinium	
51031b6b8bac018af203c3a811c22738	D_0__Eukaryota	D_1__SAR	D_2__Rhizaria	D_3__Cercozoa	D_5__Marimonadida	D_6__Pseudopirsonia	D_7__uncultured Rhizaria
efea7961d7e0292cb429e48dd7a2cd56	D_0__Eukaryota	D_1__SAR	D_2__Stramenopiles	D_3__Ochrophyta			
1e12b3f6610208be16dcd90d10322b5e	D_0__Eukaryota	D_1__Incertae Sedis	D_2__Telonema	Ambiguous_taxa	Ambiguous_taxa	Ambiguous_taxa	Ambiguous_taxa
1c5c21be2f1f5baf49dac5ca4da2475c	D_0__Eukaryota	D_1__Haptophyta	D_2__Prymnesiophyceae	D_3__Phaeocystis	Ambiguous_taxa	Ambiguous_taxa	Ambiguous_taxa
6347db5c55f52af49bae3b338d77fb29	D_0__Eukaryota	D_1__Haptophyta	D_2__Prymnesiophyceae	D_3__Phaeocystis	Ambiguous_taxa	Ambiguous_taxa	Ambiguous_taxa
1c945e89879ec8058eb7539152314c80	D_0__Eukaryota	D_1__Haptophyta	D_2__Prymnesiophyceae	D_3__Phaeocystis	Ambiguous_taxa	Ambiguous_taxa	Ambiguous_taxa
a3bc4a37bce38ac212f15733c4098cc4	D_0__Eukaryota	D_1__Incertae Sedis	D_2__Telonema	Ambiguous_taxa	Ambiguous_taxa	Ambiguous_taxa	Ambiguous_taxa
6a47693b5addfd7bb924ddad4454673e	D_0__Eukaryota	D_1__SAR	D_2__Alveolata	D_3__Protalveolata	D_4__Syndiniales	D_5__Syndiniales Group I	D_6__uncultured eukaryote
f10a812987f44e1c91b7a9f27735723c	D_0__Eukaryota	D_1__SAR	D_2__Alveolata	D_3__Dinoflagellata	D_5__Dinophysiales	D_6__Sinophysis	D_7__uncultured marine eukaryote
2b5bbbf1b4e94a85da72f2aab167e0ce	D_0__Eukaryota	D_1__SAR	D_2__Alveolata	D_3__Ciliophora	D_6__Choreotrichia	D_7__uncultured	D_8__uncultured ciliate
0fcc8c271614c394531877f49de83f32	D_0__Eukaryota	D_1__Haptophyta	D_2__Prymnesiophyceae	D_3__Prymnesiales	D_4__Prymnesium	Ambiguous_taxa	Ambiguous_taxa
10a847c95ccdb6d37596eec35bf3be42	D_0__Eukaryota	D_1__SAR	D_2__Alveolata	D_3__Protalveolata	D_4__Syndiniales	D_5__Syndiniales Group I	D_6__uncultured Duboscquella
a1402604ba5231afc39b98cbda0acc10	D_0__Eukaryota	D_1__SAR	D_2__Alveolata	D_3__Protalveolata	D_4__Syndiniales	D_5__Syndiniales Group II	
7f2eda8a1f3c3037494c85ba39d3d893	D_0__Eukaryota	D_1__Opisthokonta	D_2__Holozoa	D_3__Metazoa (Animalia)	D_7__Hydroidolina	D_8__Siphonophorae	
23a46b7ba33404b8675c17eb6cd1a3be	D_0__Eukaryota	D_1__SAR	D_2__Stramenopiles	D_3__Ochrophyta	D_4__Pelagophyceae		
f89bfc19727d85d22200f7e1247e6f82	D_0__Eukaryota	D_1__Cryptophyceae	D_2__Cryptomonadales	D_3__Teleaulax	Ambiguous_taxa	Ambiguous_taxa	Ambiguous_taxa
54674d5343738330b40e62e4e74c8928	D_0__Eukaryota	D_1__SAR	D_2__Alveolata	D_3__Ciliophora	D_6__Oligotrichia	D_7__Strombidium	D_8__uncultured ciliate
48407ab8fc4e923cea3d91f73bfe1b5f	D_0__Eukaryota	D_1__SAR	D_2__Stramenopiles	D_3__Ochrophyta	D_4__MOCH-2		
51be52cb24cc0d4bec938fea45bd5651	D_0__Eukaryota	D_1__SAR	D_2__Alveolata	D_3__Ciliophora			
ee2be819a28ac3f4efc770f8a9fb2577	D_0__Eukaryota	D_1__SAR	D_2__Alveolata	D_3__Protalveolata	D_4__Syndiniales	D_5__Syndiniales Group II	
021da764e54970954bcea8dc5fbf838a	D_0__Eukaryota	D_1__SAR	D_2__Alveolata	D_3__Dinoflagellata			
0bb8b393dbc10f7e34d8b9051a663dfc	D_0__Eukaryota	D_1__Opisthokonta	D_2__Holozoa	D_3__Metazoa (Animalia)			
d91a9dd2d84ab20cae45025dcb327899	D_0__Eukaryota	D_1__SAR	D_2__Alveolata	D_3__Dinoflagellata	D_6__Suessiaceae	D_7__uncultured	D_8__uncultured eukaryote
5d6a5f6bbcd4074c72794abbf86c2a98	D_0__Eukaryota	D_1__Archaeplastida	D_2__Chloroplastida	D_3__Chlorophyta	D_4__Prasinophytae	D_5__uncultured Chlorophyta	D_6__uncultured Chlorophyta
87a437ea7e77a7571d83f18493a4fe58	D_0__Eukaryota	D_1__Haptophyta	D_2__Prymnesiophyceae	D_3__Prymnesiales	D_4__Prymnesium	Ambiguous_taxa	Ambiguous_taxa
134cad8ee278a8fb9aa9156fae42f924	D_0__Eukaryota	D_1__SAR	D_2__Stramenopiles	D_3__Ochrophyta	D_4__Pelagophyceae		
cf5dc2d2122bbdf2d4876c138468e522	D_0__Eukaryota	D_1__SAR	D_2__Rhizaria	D_3__Cercozoa	D_5__Marimonadida	D_6__NAMAKO-15	D_7__uncultured marine eukaryote
32351d61bd899d75a1342250f27263e4	D_0__Eukaryota	D_1__SAR	D_2__Alveolata	D_3__Dinoflagellata			
20e4f32a45e64625cb9e9521f26e9571	D_0__Eukaryota	D_1__SAR	D_2__Alveolata	D_3__Ciliophora	D_6__Oligotrichia	D_7__Strombidium	D_8__uncultured ciliate
b76e9b15fb5cdbaa307ecd74138206ff	D_0__Eukaryota	D_1__SAR	D_2__Alveolata	D_3__Protalveolata	D_4__Syndiniales	D_5__Syndiniales Group I	
31f0275f28effa07ad5ba8624971da8f	D_0__Eukaryota	D_1__SAR	D_2__Alveolata	D_3__Ciliophora	D_5__Spirotrichea	D_6__Choreotrichia	Ambiguous_taxa
73e4d8c84a2a3003019d28e89a923022	D_0__Eukaryota	D_1__SAR	D_2__Alveolata	D_3__Dinoflagellata			
8f57ce87493f3c36b8e27a4fc906a545	D_0__Eukaryota	D_1__SAR	D_2__Stramenopiles	D_3__Ochrophyta	D_6__Mediophyceae	D_7__Thalassiosira	D_8__uncultured marine eukaryote
b2e5430ad9e2beddc193f580420e81c6	D_0__Eukaryota	D_1__SAR	D_2__Stramenopiles	D_3__Ochrophyta	D_6__Mediophyceae	D_7__Thalassiosira	
c98d53a21a708d5189608c0974934bb8	D_0__Eukaryota	D_1__SAR	D_2__Rhizaria	D_3__Cercozoa			
56eb9063018e633faec1c1d50f1a25fa	D_0__Eukaryota	D_1__SAR	D_2__Alveolata	D_3__Protalveolata	D_4__Syndiniales	D_5__Syndiniales Group I	D_6__uncultured eukaryote
469b45f60205351672a9f918c9d8f018	D_0__Eukaryota	D_1__SAR	D_2__Stramenopiles	D_3__Ochrophyta			
0cb009f995f3b007724303eee85bb01b	D_0__Eukaryota	D_1__SAR	D_2__Rhizaria	D_3__Cercozoa	D_5__Marimonadida	D_6__Pseudopirsonia	D_7__uncultured eukaryote
fa6675d99884a0cab215261b05bbfd48	D_0__Eukaryota	D_1__SAR	D_2__Alveolata	D_3__Protalveolata	D_4__Syndiniales	D_5__Syndiniales Group II	Ambiguous_taxa
701bdf986ceb375a18c884615c5b9282	D_0__Eukaryota	D_1__SAR	D_2__Rhizaria	D_3__Cercozoa	D_6__Protaspidae	D_7__Cryothecomonas	
32d05718345ea55d63e1e6701a0f36ed	D_0__Eukaryota	D_1__Opisthokonta	D_2__Holozoa	D_3__Metazoa (Animalia)	D_8__Scolecida	D_9__Spionida	D_10__Poecilochaetus serpens
cc7e6322704467248a9d2accf87d4c54	D_0__Eukaryota	D_1__Incertae Sedis	D_2__Telonema	D_3__uncultured marine eukaryote	D_4__uncultured marine eukaryote	D_5__uncultured marine eukaryote	D_6__uncultured marine eukaryote
ad80da3245b007e14b1f3979b3e3120f	D_0__Eukaryota	D_1__SAR	D_2__Alveolata	D_3__Ciliophora	D_6__Choreotrichia	D_7__Pelagostrobilidium	D_8__uncultured eukaryote
52b491d95e87d384e6ac68e22d026bfc	D_0__Eukaryota	D_1__SAR	D_2__Alveolata	D_3__Protalveolata	D_4__Syndiniales	D_5__Syndiniales Group I	Ambiguous_taxa
7f6febe8c95d0faca09df41e780d8ea8	D_0__Eukaryota	D_1__Archaeplastida	D_2__Chloroplastida	D_3__Chlorophyta			
62ba62c439ec16761f34a47a58ff8a83	D_0__Eukaryota	D_1__SAR	D_2__Alveolata	D_3__Ciliophora	D_6__Oligotrichia	D_7__uncultured	D_8__uncultured marine eukaryote
786089fac527c4339bce270c30bde0e9	D_0__Eukaryota	D_1__Haptophyta	D_2__Prymnesiophyceae	D_3__Prymnesiales			
a5ce82976f22d149bbf337af5592c17d	D_0__Eukaryota	D_1__SAR	D_2__Alveolata	D_3__Protalveolata	D_4__Syndiniales	D_5__Syndiniales Group II	D_6__uncultured eukaryote HF0200_37F04
3c46d92fd75005476972a84438379475	D_0__Eukaryota	D_1__SAR	D_2__Rhizaria	D_3__Cercozoa	D_6__Protaspidae	D_7__Protaspis	D_8__uncultured Rhizaria
c96bbe5485af69cd1757cf277d284da2	D_0__Eukaryota	D_1__SAR	D_2__Alveolata	D_3__Protalveolata	D_4__Syndiniales	D_5__Syndiniales Group II	D_6__uncultured eukaryote
df0264c8ad554636cca3b89ccce37543	D_0__Eukaryota	D_1__Archaeplastida	D_2__Chloroplastida	D_3__Chlorophyta	D_4__Prasinophytae	D_5__uncultured Chlorophyta	D_6__uncultured Chlorophyta
23a15ff0d0132576fbd414aca0b60ce1	D_0__Eukaryota	D_1__SAR	D_2__Alveolata	D_3__Dinoflagellata			
48e5c80aed06b13c95e298c435f0d30e	D_0__Eukaryota	D_1__SAR	D_2__Alveolata	D_3__Dinoflagellata	D_5__Dinophysiales	D_6__Sinophysis	D_7__uncultured marine eukaryote
81a413e74aa1217616980b85ec52ec1f	D_0__Eukaryota	D_1__SAR	D_2__Alveolata	D_3__Dinoflagellata	D_4__Incertae Sedis	D_5__Haplozoon	D_6__uncultured Scrippsiella
735aa3e7fcb0b6ae477ac1280440b082	D_0__Eukaryota	D_1__SAR	D_2__Alveolata	D_3__Dinoflagellata			
eb114ed7867b5c2d807e004dfba4931e	D_0__Eukaryota	D_1__SAR	D_2__Alveolata	D_3__Protalveolata	D_4__Syndiniales	D_5__Amoebophrya	
b8c947c90f7b04e4660a1be2c75c0ceb	D_0__Eukaryota	D_1__Haptophyta	D_2__Prymnesiophyceae	D_3__Phaeocystis			
18c3a8e60c5eaa0b30ca0ff683029e80	D_0__Eukaryota	D_1__Haptophyta	D_2__Prymnesiophyceae	D_3__Phaeocystis	Ambiguous_taxa	Ambiguous_taxa	Ambiguous_taxa
79b4efbd41863cda2218895b1c66c778	D_0__Eukaryota	D_1__Haptophyta	D_2__Prymnesiophyceae	D_3__Isochrysidales	D_4__Isochrysis	Ambiguous_taxa	Ambiguous_taxa
1db01399fc7fcbe27e6a38a69472ed2a	D_0__Eukaryota	D_1__Haptophyta	D_2__Prymnesiophyceae	D_3__Phaeocystis	Ambiguous_taxa	Ambiguous_taxa	Ambiguous_taxa
ecfb4de4a8e9ac9d935e91ec2d16564c	D_0__Eukaryota	D_1__SAR	D_2__Alveolata	D_3__Dinoflagellata	D_4__Noctilucales	D_5__Noctiluca	D_6__Noctiluca scintillans
a0238b21544afaff2d0f3e3aeaaa429e	D_0__Eukaryota	D_1__Opisthokonta	D_2__Holozoa	D_3__Metazoa (Animalia)	D_8__Palpata	D_9__Phyllodocida	D_10__Perinereis sp. per180
2407ada9717c46c09de20551393b8830	D_0__Eukaryota	D_1__Opisthokonta	D_2__Holozoa	D_3__Metazoa (Animalia)	D_7__Gastropoda	D_8__Heterobranchia	
f7d154bfe829ff917ff421faa641a428	D_0__Eukaryota	D_1__Opisthokonta	D_2__Holozoa	D_3__Metazoa (Animalia)	D_8__Pteriomorphia	D_9__Pectinoida	Ambiguous_taxa
